row_id,eval_dataset,filter_mode,embedding_ms,encryption_ms,fhe_scoring_ms,decryption_ms,threshold_ms,io_ms,total_filter_ms
mixed_benign_operational_transaction_scoring_001,mixed_traffic,plaintext_filter,14.3594000255689,,,,0.07469201227650046,,14.4340920378454
mixed_benign_operational_transaction_scoring_002,mixed_traffic,plaintext_filter,8.570005011279136,,,,0.04621001426130533,,8.616215025540441
mixed_benign_operational_transaction_scoring_003,mixed_traffic,plaintext_filter,8.802874013781548,,,,0.0459889997728169,,8.848863013554364
mixed_benign_operational_transaction_scoring_004,mixed_traffic,plaintext_filter,8.480371034238487,,,,0.05666504148393869,,8.537036075722426
mixed_benign_operational_transaction_scoring_005,mixed_traffic,plaintext_filter,8.486439997795969,,,,0.04351604729890823,,8.529956045094877
mixed_benign_operational_transaction_scoring_006,mixed_traffic,plaintext_filter,8.558336994610727,,,,0.04445598460733891,,8.602792979218066
mixed_benign_operational_transaction_scoring_007,mixed_traffic,plaintext_filter,8.879920991603285,,,,0.04672101931646466,,8.92664201091975
mixed_benign_operational_transaction_scoring_008,mixed_traffic,plaintext_filter,8.614833001047373,,,,0.04525796975940466,,8.660090970806777
mixed_benign_operational_transaction_scoring_009,mixed_traffic,plaintext_filter,8.5974260000512,,,,0.04453700967133045,,8.641963009722531
mixed_benign_operational_transaction_scoring_010,mixed_traffic,plaintext_filter,8.449925982858986,,,,0.04675000673159957,,8.496675989590585
mixed_benign_operational_transaction_scoring_011,mixed_traffic,plaintext_filter,8.941092994064093,,,,0.04475703462958336,,8.985850028693676
mixed_benign_operational_transaction_scoring_012,mixed_traffic,plaintext_filter,8.925929025281221,,,,0.04573899786919355,,8.971668023150414
mixed_benign_operational_transaction_scoring_013,mixed_traffic,plaintext_filter,8.387541980482638,,,,0.04528800491243601,,8.432829985395074
mixed_benign_operational_transaction_scoring_014,mixed_traffic,plaintext_filter,8.398438978474587,,,,0.04463701043277979,,8.443075988907367
mixed_benign_operational_transaction_scoring_015,mixed_traffic,plaintext_filter,8.120270969811827,,,,0.04326499765738845,,8.163535967469215
mixed_benign_operational_transaction_scoring_016,mixed_traffic,plaintext_filter,8.172469038981944,,,,0.04461698699742556,,8.21708602597937
mixed_benign_operational_transaction_scoring_017,mixed_traffic,plaintext_filter,10.08630101568997,,,,0.05608401261270046,,10.14238502830267
mixed_benign_operational_transaction_scoring_018,mixed_traffic,plaintext_filter,9.136836975812912,,,,0.05347002297639847,,9.19030699878931
mixed_benign_operational_transaction_scoring_019,mixed_traffic,plaintext_filter,10.19934000214562,,,,0.05720596527680755,,10.25654596742243
mixed_benign_operational_transaction_scoring_020,mixed_traffic,plaintext_filter,8.424908039160073,,,,0.047901994548738,,8.472810033708811
mixed_benign_operational_transaction_scoring_021,mixed_traffic,plaintext_filter,8.813972002826631,,,,0.04643003921955824,,8.860402042046189
mixed_benign_operational_transaction_scoring_022,mixed_traffic,plaintext_filter,8.50853300653398,,,,0.04556798376142979,,8.55410099029541
mixed_benign_operational_transaction_scoring_023,mixed_traffic,plaintext_filter,8.269084035418928,,,,0.04546798299998045,,8.314552018418908
mixed_benign_operational_transaction_scoring_024,mixed_traffic,plaintext_filter,8.070065989159048,,,,0.04585797432810068,,8.115923963487148
mixed_benign_operational_transaction_scoring_025,mixed_traffic,plaintext_filter,8.242405019700527,,,,0.04544801777228713,,8.287853037472814
mixed_benign_operational_transaction_scoring_026,mixed_traffic,plaintext_filter,8.267322031315416,,,,0.04331499803811312,,8.310637029353529
mixed_benign_operational_transaction_scoring_027,mixed_traffic,plaintext_filter,8.38324602227658,,,,0.04380597965791821,,8.427052001934499
mixed_benign_operational_transaction_scoring_028,mixed_traffic,plaintext_filter,8.147542015649378,,,,0.04506803816184402,,8.192610053811222
mixed_benign_operational_transaction_scoring_029,mixed_traffic,plaintext_filter,8.386450004763901,,,,0.04275399260222912,,8.42920399736613
mixed_benign_operational_transaction_scoring_030,mixed_traffic,plaintext_filter,8.156034979037941,,,,0.04418601747602224,,8.200220996513963
mixed_benign_operational_transaction_scoring_031,mixed_traffic,plaintext_filter,9.997688001021743,,,,0.05763600347563624,,10.05532400449738
mixed_benign_operational_transaction_scoring_032,mixed_traffic,plaintext_filter,8.68540903320536,,,,0.04637998063117266,,8.731789013836533
mixed_benign_operational_transaction_scoring_033,mixed_traffic,plaintext_filter,8.284907962661237,,,,0.04387600347399712,,8.328783966135234
mixed_benign_operational_transaction_scoring_034,mixed_traffic,plaintext_filter,8.51226900704205,,,,0.04584802081808448,,8.558117027860135
mixed_benign_operational_transaction_scoring_035,mixed_traffic,plaintext_filter,8.351577969733626,,,,0.04530802834779024,,8.396885998081416
mixed_benign_operational_transaction_scoring_036,mixed_traffic,plaintext_filter,8.336245024111122,,,,0.04472705768421292,,8.380972081795335
mixed_benign_operational_transaction_scoring_037,mixed_traffic,plaintext_filter,8.619890024419874,,,,0.04424602957442403,,8.664136053994298
mixed_benign_operational_transaction_scoring_038,mixed_traffic,plaintext_filter,8.456084004137665,,,,0.04415703006088734,,8.500241034198552
mixed_benign_operational_transaction_scoring_039,mixed_traffic,plaintext_filter,8.328053052537143,,,,0.04427600651979446,,8.372329059056938
mixed_benign_operational_transaction_scoring_040,mixed_traffic,plaintext_filter,8.25471302960068,,,,0.0430050422437489,,8.297718071844429
mixed_benign_operational_transaction_scoring_041,mixed_traffic,plaintext_filter,8.920470951125026,,,,0.04295399412512779,,8.963424945250154
mixed_benign_operational_transaction_scoring_042,mixed_traffic,plaintext_filter,8.580482040997595,,,,0.04487700061872602,,8.625359041616321
mixed_benign_operational_transaction_scoring_043,mixed_traffic,plaintext_filter,8.485397964250296,,,,0.04398601595312357,,8.52938398020342
mixed_benign_operational_transaction_scoring_044,mixed_traffic,plaintext_filter,8.454202034045011,,,,0.0443569733761251,,8.498559007421136
mixed_benign_operational_transaction_scoring_045,mixed_traffic,plaintext_filter,8.265347976703197,,,,0.04416599404066801,,8.309513970743865
mixed_benign_operational_transaction_scoring_046,mixed_traffic,plaintext_filter,8.197868010029197,,,,0.04541798261925578,,8.243285992648453
mixed_benign_operational_transaction_scoring_047,mixed_traffic,plaintext_filter,8.205407997593284,,,,0.044576998334378,,8.249984995927662
mixed_benign_operational_transaction_scoring_048,mixed_traffic,plaintext_filter,8.454352035187185,,,,0.04508800338953733,,8.499440038576722
mixed_benign_operational_transaction_scoring_049,mixed_traffic,plaintext_filter,8.303625974804163,,,,0.0443059834651649,,8.347931958269328
mixed_benign_operational_transaction_scoring_050,mixed_traffic,plaintext_filter,8.235434012021869,,,,0.04400598118081689,,8.279439993202686
mixed_benign_operational_transaction_scoring_051,mixed_traffic,plaintext_filter,9.015274001285434,,,,0.04265399184077978,,9.057927993126214
mixed_benign_operational_transaction_scoring_052,mixed_traffic,plaintext_filter,8.589103992562741,,,,0.04792195977643132,,8.637025952339172
mixed_benign_operational_transaction_scoring_053,mixed_traffic,plaintext_filter,8.183346013538539,,,,0.04465697566047311,,8.228002989199013
mixed_benign_operational_transaction_scoring_054,mixed_traffic,plaintext_filter,8.392660005483776,,,,0.0443760072812438,,8.43703601276502
mixed_benign_operational_transaction_scoring_055,mixed_traffic,plaintext_filter,8.415935037191957,,,,0.04421698395162821,,8.460152021143585
mixed_benign_operational_transaction_scoring_056,mixed_traffic,plaintext_filter,8.336656028404832,,,,0.04623900167644024,,8.382895030081272
mixed_benign_operational_transaction_scoring_057,mixed_traffic,plaintext_filter,8.47518298542127,,,,0.04398601595312357,,8.519169001374394
mixed_benign_operational_transaction_scoring_058,mixed_traffic,plaintext_filter,8.370937022846192,,,,0.04564900882542133,,8.416586031671613
mixed_benign_operational_transaction_scoring_059,mixed_traffic,plaintext_filter,8.419759979005903,,,,0.04453602014109492,,8.464295999146998
mixed_benign_operational_transaction_scoring_060,mixed_traffic,plaintext_filter,8.367012022063136,,,,0.04355498822405934,,8.410567010287195
mixed_benign_operational_transaction_scoring_061,mixed_traffic,plaintext_filter,8.748484018724412,,,,0.04637002712115645,,8.794854045845568
mixed_benign_operational_transaction_scoring_062,mixed_traffic,plaintext_filter,8.70706100249663,,,,0.044426997192204,,8.751487999688834
mixed_benign_operational_transaction_scoring_063,mixed_traffic,plaintext_filter,8.360170992091298,,,,0.04325498593971133,,8.403425978031009
mixed_benign_operational_transaction_scoring_064,mixed_traffic,plaintext_filter,8.34414700511843,,,,0.04297401756048203,,8.387121022678912
mixed_benign_operational_transaction_scoring_065,mixed_traffic,plaintext_filter,8.113180985674262,,,,0.0416729599237442,,8.154853945598006
mixed_benign_operational_transaction_scoring_066,mixed_traffic,plaintext_filter,7.993641018401831,,,,0.04279398126527667,,8.036434999667108
mixed_benign_operational_transaction_scoring_067,mixed_traffic,plaintext_filter,8.484087011311203,,,,0.04373601404950023,,8.527823025360703
mixed_benign_operational_transaction_scoring_068,mixed_traffic,plaintext_filter,8.180542034097016,,,,0.04406599327921867,,8.224608027376235
mixed_benign_operational_transaction_scoring_069,mixed_traffic,plaintext_filter,8.469816006254405,,,,0.04185299621894956,,8.511669002473354
mixed_benign_operational_transaction_scoring_070,mixed_traffic,plaintext_filter,8.393721014726907,,,,0.04319497384130955,,8.436915988568217
mixed_benign_routing_followup_001,mixed_traffic,plaintext_filter,8.342724991962314,,,,0.04361598985269666,,8.38634098181501
mixed_benign_routing_followup_002,mixed_traffic,plaintext_filter,8.354040968697518,,,,0.04265399184077978,,8.396694960538298
mixed_benign_routing_followup_003,mixed_traffic,plaintext_filter,8.326020033564419,,,,0.04464702215045691,,8.370667055714875
mixed_benign_routing_followup_004,mixed_traffic,plaintext_filter,8.187812985852361,,,,0.04254397936165333,,8.230356965214014
mixed_benign_routing_followup_005,mixed_traffic,plaintext_filter,8.152258989866823,,,,0.04300399450585246,,8.195262984372675
mixed_benign_routing_followup_006,mixed_traffic,plaintext_filter,8.332840050570667,,,,0.04386599175632,,8.376706042326987
mixed_benign_routing_followup_007,mixed_traffic,plaintext_filter,8.495083020534366,,,,0.04135299241170287,,8.536436012946069
mixed_benign_routing_followup_008,mixed_traffic,plaintext_filter,8.148212975356728,,,,0.0443660537712276,,8.192579029127955
mixed_benign_routing_followup_009,mixed_traffic,plaintext_filter,8.3026840002276,,,,0.04155200440436602,,8.344236004631966
mixed_benign_routing_followup_010,mixed_traffic,plaintext_filter,8.212639018893242,,,,0.04257401451468468,,8.255213033407927
mixed_benign_routing_followup_011,mixed_traffic,plaintext_filter,8.558588975574821,,,,0.04171195905655622,,8.600300934631377
mixed_benign_routing_followup_012,mixed_traffic,plaintext_filter,8.363525965251029,,,,0.04464702215045691,,8.408172987401485
mixed_benign_routing_followup_013,mixed_traffic,plaintext_filter,10.14569896506146,,,,0.05843699909746647,,10.20413596415892
mixed_benign_routing_followup_014,mixed_traffic,plaintext_filter,8.328103052917868,,,,0.04263396840542555,,8.370737021323293
mixed_benign_routing_followup_015,mixed_traffic,plaintext_filter,8.315113023854792,,,,0.04427600651979446,,8.359389030374587
mixed_benign_routing_followup_016,mixed_traffic,plaintext_filter,8.468082989566028,,,,0.04540802910923958,,8.513491018675268
mixed_benign_routing_followup_017,mixed_traffic,plaintext_filter,8.562924980651587,,,,0.04487700061872602,,8.607801981270313
mixed_benign_routing_followup_018,mixed_traffic,plaintext_filter,8.476425020489842,,,,0.04494702443480492,,8.521372044924647
mixed_benign_routing_followup_019,mixed_traffic,plaintext_filter,9.783594985492527,,,,0.053621013648808,,9.837215999141335
mixed_benign_routing_followup_020,mixed_traffic,plaintext_filter,8.437996963039041,,,,0.04572898615151644,,8.483725949190557
mixed_benign_routing_followup_021,mixed_traffic,plaintext_filter,8.21123702917248,,,,0.04243402509018779,,8.253671054262668
mixed_benign_routing_followup_022,mixed_traffic,plaintext_filter,8.458468946628273,,,,0.04032999277114868,,8.498798939399421
mixed_benign_routing_followup_023,mixed_traffic,plaintext_filter,8.321563014760613,,,,0.0426739570684731,,8.364236971829087
mixed_benign_routing_followup_024,mixed_traffic,plaintext_filter,8.222343982197344,,,,0.04286400508135557,,8.2652079872787
mixed_benign_routing_followup_025,mixed_traffic,plaintext_filter,8.319490007124841,,,,0.04213303327560425,,8.361623040400445
mixed_benign_routing_followup_026,mixed_traffic,plaintext_filter,8.805499004665762,,,,0.04365498898550868,,8.849153993651271
mixed_benign_routing_followup_027,mixed_traffic,plaintext_filter,8.491398009937257,,,,0.04273396916687489,,8.534131979104131
mixed_benign_routing_followup_028,mixed_traffic,plaintext_filter,8.294522005598992,,,,0.04428601823747158,,8.338808023836464
mixed_benign_routing_followup_029,mixed_traffic,plaintext_filter,8.40180303202942,,,,0.04437594907358289,,8.446178981103003
mixed_benign_routing_followup_030,mixed_traffic,plaintext_filter,8.088263042736799,,,,0.04342501051723957,,8.131688053254038
mixed_benign_routing_followup_031,mixed_traffic,plaintext_filter,8.383545966353267,,,,0.04136300412937999,,8.424908970482647
mixed_benign_routing_followup_032,mixed_traffic,plaintext_filter,8.570486039388925,,,,0.04492799052968621,,8.615414029918611
mixed_benign_routing_followup_033,mixed_traffic,plaintext_filter,8.392088988330215,,,,0.04667998291552067,,8.438768971245736
mixed_benign_routing_followup_034,mixed_traffic,plaintext_filter,8.406229026149958,,,,0.04308501956984401,,8.449314045719802
mixed_benign_routing_followup_035,mixed_traffic,plaintext_filter,8.571668004151434,,,,0.04470697604119778,,8.616374980192631
mixed_benign_routing_followup_036,mixed_traffic,plaintext_filter,8.375453995540738,,,,0.04386599175632,,8.419319987297058
mixed_benign_routing_followup_037,mixed_traffic,plaintext_filter,8.128344023134559,,,,0.04391599213704467,,8.172260015271604
mixed_benign_routing_followup_038,mixed_traffic,plaintext_filter,8.222503995057195,,,,0.04282395821064711,,8.265327953267843
mixed_benign_routing_followup_039,mixed_traffic,plaintext_filter,8.275154046714306,,,,0.0443760072812438,,8.31953005399555
mixed_benign_routing_followup_040,mixed_traffic,plaintext_filter,8.149955014232546,,,,0.04418595926836133,,8.194140973500907
mixed_benign_routing_followup_041,mixed_traffic,plaintext_filter,8.474412024952471,,,,0.04479696508497,,8.519208990037441
mixed_benign_routing_followup_042,mixed_traffic,plaintext_filter,8.366029011085629,,,,0.04566897405311465,,8.411697985138744
mixed_benign_routing_followup_043,mixed_traffic,plaintext_filter,8.07358103338629,,,,0.04575803177431226,,8.119339065160602
mixed_benign_routing_followup_044,mixed_traffic,plaintext_filter,8.63600498996675,,,,0.04603900015354156,,8.682043990120292
mixed_benign_routing_followup_045,mixed_traffic,plaintext_filter,8.356375969015062,,,,0.04493800224736333,,8.401313971262425
mixed_benign_routing_followup_046,mixed_traffic,plaintext_filter,8.341934008058161,,,,0.04478701157495379,,8.386721019633114
mixed_benign_routing_followup_047,mixed_traffic,plaintext_filter,8.329394971951842,,,,0.04368496593087912,,8.373079937882721
mixed_benign_routing_followup_048,mixed_traffic,plaintext_filter,8.241412986535579,,,,0.04313403042033315,,8.284547016955912
mixed_benign_routing_followup_049,mixed_traffic,plaintext_filter,8.134643023367971,,,,0.04462699871510267,,8.179270022083074
mixed_benign_routing_followup_050,mixed_traffic,plaintext_filter,9.483125002589077,,,,0.0527889933437109,,9.535913995932788
mixed_benign_routing_followup_051,mixed_traffic,plaintext_filter,8.294962986838073,,,,0.04466704558581114,,8.339630032423884
mixed_benign_routing_followup_052,mixed_traffic,plaintext_filter,8.974192023742944,,,,0.04528800491243601,,9.01948002865538
mixed_benign_routing_followup_053,mixed_traffic,plaintext_filter,8.407411980442703,,,,0.04532799357548356,,8.452739974018186
mixed_benign_routing_followup_054,mixed_traffic,plaintext_filter,8.46296496456489,,,,0.04383601481094956,,8.506800979375839
mixed_benign_routing_followup_055,mixed_traffic,plaintext_filter,8.370916999410838,,,,0.04386500222608447,,8.414782001636922
mixed_benign_routing_followup_056,mixed_traffic,plaintext_filter,9.970094950404018,,,,0.05978904664516449,,10.02988399704918
mixed_benign_routing_followup_057,mixed_traffic,plaintext_filter,8.515423978678882,,,,0.0469009974040091,,8.562324976082891
mixed_benign_routing_followup_058,mixed_traffic,plaintext_filter,8.342573011759669,,,,0.04355603596195579,,8.386129047721624
mixed_benign_routing_followup_059,mixed_traffic,plaintext_filter,8.317345986142755,,,,0.04545797128230333,,8.362803957425058
mixed_benign_routing_followup_060,mixed_traffic,plaintext_filter,8.459258999209851,,,,0.0457690330222249,,8.505028032232076
mixed_benign_routing_followup_061,mixed_traffic,plaintext_filter,8.320751017890871,,,,0.04372495459392667,,8.364475972484797
mixed_benign_routing_followup_062,mixed_traffic,plaintext_filter,8.596305036917329,,,,0.04346499918028712,,8.639770036097616
mixed_benign_routing_followup_063,mixed_traffic,plaintext_filter,8.447883010376245,,,,0.0454379478469491,,8.493320958223194
mixed_benign_routing_followup_064,mixed_traffic,plaintext_filter,8.530175953637809,,,,0.046068977098912,,8.576244930736721
mixed_benign_routing_followup_065,mixed_traffic,plaintext_filter,8.323436020873487,,,,0.04549894947558641,,8.368934970349073
mixed_benign_routing_followup_066,mixed_traffic,plaintext_filter,8.67834803648293,,,,0.04595896461978555,,8.724307001102716
mixed_benign_routing_followup_067,mixed_traffic,plaintext_filter,8.452670008409768,,,,0.04496797919273376,,8.497637987602502
mixed_benign_routing_followup_068,mixed_traffic,plaintext_filter,8.451686997432262,,,,0.04286400508135557,,8.494551002513617
mixed_benign_routing_followup_069,mixed_traffic,plaintext_filter,8.242864976637065,,,,0.04685996100306511,,8.289724937640131
mixed_benign_routing_followup_070,mixed_traffic,plaintext_filter,8.305397990625352,,,,0.04461698699742556,,8.350014977622777
mixed_benign_risk_factor_summary_001,mixed_traffic,plaintext_filter,8.499299001414329,,,,0.04498701309785247,,8.544286014512181
mixed_benign_risk_factor_summary_002,mixed_traffic,plaintext_filter,8.210706000681967,,,,0.04498701309785247,,8.255693013779819
mixed_benign_risk_factor_summary_003,mixed_traffic,plaintext_filter,9.884107043035328,,,,0.05412101745605469,,9.938228060491383
mixed_benign_risk_factor_summary_004,mixed_traffic,plaintext_filter,8.829655009321868,,,,0.045699009206146,,8.875354018528014
mixed_benign_risk_factor_summary_005,mixed_traffic,plaintext_filter,8.310845994856209,,,,0.04393595736473799,,8.354781952220947
mixed_benign_risk_factor_summary_006,mixed_traffic,plaintext_filter,9.697897010482848,,,,0.05465204594656825,,9.752549056429416
mixed_benign_risk_factor_summary_007,mixed_traffic,plaintext_filter,8.199258998502046,,,,0.04541897214949131,,8.244677970651537
mixed_benign_risk_factor_summary_008,mixed_traffic,plaintext_filter,8.299751032609493,,,,0.04577898653224111,,8.345530019141734
mixed_benign_risk_factor_summary_009,mixed_traffic,plaintext_filter,8.213781053200364,,,,0.04508701385930181,,8.258868067059666
mixed_benign_risk_factor_summary_010,mixed_traffic,plaintext_filter,8.432568982243538,,,,0.04510703729465604,,8.477676019538194
mixed_benign_risk_factor_summary_011,mixed_traffic,plaintext_filter,8.62443697405979,,,,0.04665000597015023,,8.671086980029941
mixed_benign_risk_factor_summary_012,mixed_traffic,plaintext_filter,8.352970005944371,,,,0.04427600651979446,,8.397246012464166
mixed_benign_risk_factor_summary_013,mixed_traffic,plaintext_filter,8.346941031049937,,,,0.04611903568729758,,8.393060066737235
mixed_benign_risk_factor_summary_014,mixed_traffic,plaintext_filter,8.197546994779259,,,,0.04511699080467224,,8.242663985583931
mixed_benign_risk_factor_summary_015,mixed_traffic,plaintext_filter,8.326110022608191,,,,0.04214298678562045,,8.368253009393811
mixed_benign_risk_factor_summary_016,mixed_traffic,plaintext_filter,8.481723023578525,,,,0.04511699080467224,,8.526840014383197
mixed_benign_risk_factor_summary_017,mixed_traffic,plaintext_filter,8.378950005862862,,,,0.04488701233640313,,8.423837018199265
mixed_benign_risk_factor_summary_018,mixed_traffic,plaintext_filter,8.263937023002654,,,,0.04157301736995578,,8.30551004037261
mixed_benign_risk_factor_summary_019,mixed_traffic,plaintext_filter,8.656575984787196,,,,0.04715099930763245,,8.703726984094828
mixed_benign_risk_factor_summary_020,mixed_traffic,plaintext_filter,8.915954967960715,,,,0.04683999577537179,,8.962794963736087
mixed_benign_risk_factor_summary_021,mixed_traffic,plaintext_filter,8.549665042664856,,,,0.04408601671457291,,8.593751059379429
mixed_benign_risk_factor_summary_022,mixed_traffic,plaintext_filter,8.515222987625748,,,,0.04668999463319778,,8.561912982258946
mixed_benign_risk_factor_summary_023,mixed_traffic,plaintext_filter,8.145398984197527,,,,0.04328502109274268,,8.18868400529027
mixed_benign_risk_factor_summary_024,mixed_traffic,plaintext_filter,8.13912000739947,,,,0.04276400431990623,,8.181884011719376
mixed_benign_risk_factor_summary_025,mixed_traffic,plaintext_filter,8.171877998393029,,,,0.04324503242969513,,8.215123030822724
mixed_benign_risk_factor_summary_026,mixed_traffic,plaintext_filter,8.276505977846682,,,,0.04376599099487066,,8.320271968841553
mixed_benign_risk_factor_summary_027,mixed_traffic,plaintext_filter,8.405998989474028,,,,0.04281499423086643,,8.448813983704895
mixed_benign_risk_factor_summary_028,mixed_traffic,plaintext_filter,8.235984016209841,,,,0.04351499956101179,,8.279499015770853
mixed_benign_risk_factor_summary_029,mixed_traffic,plaintext_filter,8.376845042221248,,,,0.04342501051723957,,8.420270052738488
mixed_benign_risk_factor_summary_030,mixed_traffic,plaintext_filter,8.512609987519681,,,,0.04650000482797623,,8.559109992347658
mixed_benign_risk_factor_summary_031,mixed_traffic,plaintext_filter,8.456325042061508,,,,0.04453602014109492,,8.500861062202603
mixed_benign_risk_factor_summary_032,mixed_traffic,plaintext_filter,8.257988025434315,,,,0.04525796975940466,,8.30324599519372
mixed_benign_risk_factor_summary_033,mixed_traffic,plaintext_filter,8.260952949058264,,,,0.04428700776770711,,8.305239956825972
mixed_benign_risk_factor_summary_034,mixed_traffic,plaintext_filter,9.613900969270617,,,,0.0533499987795949,,9.667250968050212
mixed_benign_risk_factor_summary_035,mixed_traffic,plaintext_filter,8.421963022556156,,,,0.04536798223853111,,8.467331004794687
mixed_benign_risk_factor_summary_036,mixed_traffic,plaintext_filter,8.296204963698983,,,,0.04593899939209223,,8.342143963091075
mixed_benign_risk_factor_summary_037,mixed_traffic,plaintext_filter,8.231298008468002,,,,0.04508800338953733,,8.276386011857539
mixed_benign_risk_factor_summary_038,mixed_traffic,plaintext_filter,8.212959975935519,,,,0.04632904892787337,,8.259289024863392
mixed_benign_risk_factor_summary_039,mixed_traffic,plaintext_filter,8.266581047791988,,,,0.0439360155723989,,8.310517063364387
mixed_benign_risk_factor_summary_040,mixed_traffic,plaintext_filter,8.394272008445114,,,,0.04424602957442403,,8.438518038019538
mixed_benign_risk_factor_summary_041,mixed_traffic,plaintext_filter,10.01408201409504,,,,0.05721603520214558,,10.07129804929718
mixed_benign_risk_factor_summary_042,mixed_traffic,plaintext_filter,8.289495017379522,,,,0.04435598384588957,,8.333851001225412
mixed_benign_risk_factor_summary_043,mixed_traffic,plaintext_filter,8.334702986758202,,,,0.04344497574493289,,8.378147962503135
mixed_benign_risk_factor_summary_044,mixed_traffic,plaintext_filter,8.226890990044922,,,,0.04352600080892444,,8.270416990853846
mixed_benign_risk_factor_summary_045,mixed_traffic,plaintext_filter,8.262133982498199,,,,0.04320504376664758,,8.305339026264846
mixed_benign_risk_factor_summary_046,mixed_traffic,plaintext_filter,8.283965988084674,,,,0.04437699681147933,,8.328342984896153
mixed_benign_risk_factor_summary_047,mixed_traffic,plaintext_filter,8.196224982384592,,,,0.04352600080892444,,8.239750983193517
mixed_benign_risk_factor_summary_048,mixed_traffic,plaintext_filter,8.160159981343895,,,,0.04507799167186022,,8.205237973015755
mixed_benign_risk_factor_summary_049,mixed_traffic,plaintext_filter,8.383937005419284,,,,0.04185299621894956,,8.425790001638234
mixed_benign_risk_factor_summary_050,mixed_traffic,plaintext_filter,8.289354969747365,,,,0.04445703234523535,,8.3338120020926
mixed_benign_risk_factor_summary_051,mixed_traffic,plaintext_filter,9.976315021049231,,,,0.05030498141422868,,10.02662000246346
mixed_benign_risk_factor_summary_052,mixed_traffic,plaintext_filter,8.541150949895382,,,,0.04512799205258489,,8.586278941947967
mixed_benign_risk_factor_summary_053,mixed_traffic,plaintext_filter,8.238498005084693,,,,0.04418601747602224,,8.282684022560716
mixed_benign_risk_factor_summary_054,mixed_traffic,plaintext_filter,8.34984501125291,,,,0.04446698585525155,,8.394311997108161
mixed_benign_risk_factor_summary_055,mixed_traffic,plaintext_filter,8.491818036418408,,,,0.04394602729007602,,8.535764063708484
mixed_benign_risk_factor_summary_056,mixed_traffic,plaintext_filter,8.382755040656775,,,,0.04391500260680914,,8.426670043263584
mixed_benign_risk_factor_summary_057,mixed_traffic,plaintext_filter,8.643615990877151,,,,0.045138003770262,,8.688753994647413
mixed_benign_risk_factor_summary_058,mixed_traffic,plaintext_filter,8.261292998213321,,,,0.04390603862702847,,8.305199036840349
mixed_benign_risk_factor_summary_059,mixed_traffic,plaintext_filter,8.50492698373273,,,,0.04297401756048203,,8.547901001293212
mixed_benign_risk_factor_summary_060,mixed_traffic,plaintext_filter,8.476745977532119,,,,0.04285405157133937,,8.519600029103458
mixed_benign_risk_factor_summary_061,mixed_traffic,plaintext_filter,8.392309013288468,,,,0.04522805102169514,,8.437537064310163
mixed_benign_risk_factor_summary_062,mixed_traffic,plaintext_filter,8.450926980003715,,,,0.04284502938389778,,8.493772009387612
mixed_benign_risk_factor_summary_063,mixed_traffic,plaintext_filter,8.406120003201067,,,,0.04544801777228713,,8.451568020973355
mixed_benign_risk_factor_summary_064,mixed_traffic,plaintext_filter,8.401091967243701,,,,0.04536804044619203,,8.446460007689893
mixed_benign_risk_factor_summary_065,mixed_traffic,plaintext_filter,10.03137801308185,,,,0.04896399332210422,,10.08034200640395
mixed_benign_risk_factor_summary_066,mixed_traffic,plaintext_filter,9.478978987317532,,,,0.05579297430813313,,9.534771961625665
mixed_benign_risk_factor_summary_067,mixed_traffic,plaintext_filter,8.374422031920403,,,,0.04569801967591047,,8.420120051596314
mixed_benign_risk_factor_summary_068,mixed_traffic,plaintext_filter,8.09567398391664,,,,0.04394602729007602,,8.139620011206716
mixed_benign_risk_factor_summary_069,mixed_traffic,plaintext_filter,8.298136992380023,,,,0.04574900958687067,,8.343886001966894
mixed_benign_risk_factor_summary_070,mixed_traffic,plaintext_filter,8.424868050497025,,,,0.04273396916687489,,8.4676020196639
mixed_benign_case_queue_review_001,mixed_traffic,plaintext_filter,8.181452983990312,,,,0.04409597022458911,,8.225548954214901
mixed_benign_case_queue_review_002,mixed_traffic,plaintext_filter,8.275514002889395,,,,0.04631897900253534,,8.32183298189193
mixed_benign_case_queue_review_003,mixed_traffic,plaintext_filter,8.106661029160023,,,,0.04501797957345843,,8.151679008733481
mixed_benign_case_queue_review_004,mixed_traffic,plaintext_filter,8.225828991271555,,,,0.04333502147346735,,8.269164012745023
mixed_benign_case_queue_review_005,mixed_traffic,plaintext_filter,8.201142016332597,,,,0.04443700890988111,,8.245579025242478
mixed_benign_case_queue_review_006,mixed_traffic,plaintext_filter,8.399459009524435,,,,0.04507700214162469,,8.444536011666059
mixed_benign_case_queue_review_007,mixed_traffic,plaintext_filter,8.173600945156068,,,,0.04493695450946689,,8.218537899665534
mixed_benign_case_queue_review_008,mixed_traffic,plaintext_filter,8.317116007674485,,,,0.04521699156612158,,8.362332999240607
mixed_benign_case_queue_review_009,mixed_traffic,plaintext_filter,8.350377029273659,,,,0.04399602767080069,,8.39437305694446
mixed_benign_case_queue_review_010,mixed_traffic,plaintext_filter,8.053601020947099,,,,0.04326499765738845,,8.096866018604487
mixed_benign_case_queue_review_011,mixed_traffic,plaintext_filter,8.341833017766476,,,,0.04284398164600134,,8.384676999412477
mixed_benign_case_queue_review_012,mixed_traffic,plaintext_filter,8.556886983569711,,,,0.04313501995056868,,8.60002200352028
mixed_benign_case_queue_review_013,mixed_traffic,plaintext_filter,8.21966101648286,,,,0.04509801510721445,,8.264759031590074
mixed_benign_case_queue_review_014,mixed_traffic,plaintext_filter,8.222425007261336,,,,0.04296400584280491,,8.265389013104141
mixed_benign_case_queue_review_015,mixed_traffic,plaintext_filter,8.162943995557725,,,,0.04323403118178248,,8.206178026739508
mixed_benign_case_queue_review_016,mixed_traffic,plaintext_filter,8.070866984780878,,,,0.04422699566930532,,8.115093980450183
mixed_benign_case_queue_review_017,mixed_traffic,plaintext_filter,8.384437998756766,,,,0.04238297697156668,,8.426820975728333
mixed_benign_case_queue_review_018,mixed_traffic,plaintext_filter,8.27956001739949,,,,0.04312500823289156,,8.322685025632381
mixed_benign_case_queue_review_019,mixed_traffic,plaintext_filter,8.332650002557784,,,,0.04349497612565756,,8.376144978683442
mixed_benign_case_queue_review_020,mixed_traffic,plaintext_filter,8.259198977611959,,,,0.05338003393262625,,8.312579011544585
mixed_benign_case_queue_review_021,mixed_traffic,plaintext_filter,8.445148996543139,,,,0.04722096491605043,,8.49236996145919
mixed_benign_case_queue_review_022,mixed_traffic,plaintext_filter,8.452971000224352,,,,0.04460703348740935,,8.497578033711761
mixed_benign_case_queue_review_023,mixed_traffic,plaintext_filter,8.206311031244695,,,,0.04441599594429135,,8.250727027188987
mixed_benign_case_queue_review_024,mixed_traffic,plaintext_filter,8.412519004195929,,,,0.04480697680264711,,8.457325980998576
mixed_benign_case_queue_review_025,mixed_traffic,plaintext_filter,8.306870993692428,,,,0.04435703158378601,,8.351228025276214
mixed_benign_case_queue_review_026,mixed_traffic,plaintext_filter,9.423996962141246,,,,0.05354097811505198,,9.477537940256298
mixed_benign_case_queue_review_027,mixed_traffic,plaintext_filter,8.408344001509249,,,,0.04385504871606827,,8.452199050225317
mixed_benign_case_queue_review_028,mixed_traffic,plaintext_filter,8.314442005939782,,,,0.04600896500051022,,8.360450970940292
mixed_benign_case_queue_review_029,mixed_traffic,plaintext_filter,8.137897006236017,,,,0.04436599556356668,,8.182263001799583
mixed_benign_case_queue_review_030,mixed_traffic,plaintext_filter,8.324596972670406,,,,0.04413601709529757,,8.368732989765704
mixed_benign_case_queue_review_031,mixed_traffic,plaintext_filter,8.19415197474882,,,,0.043154985178262,,8.237306959927082
mixed_benign_case_queue_review_032,mixed_traffic,plaintext_filter,8.513911976478994,,,,0.04470697604119778,,8.558618952520192
mixed_benign_case_queue_review_033,mixed_traffic,plaintext_filter,8.228853985201567,,,,0.04201300907880068,,8.270866994280368
mixed_benign_case_queue_review_034,mixed_traffic,plaintext_filter,8.236796013079584,,,,0.04370498936623335,,8.280501002445817
mixed_benign_case_queue_review_035,mixed_traffic,plaintext_filter,8.3154640160501,,,,0.04661997081711888,,8.362083986867219
mixed_benign_case_queue_review_036,mixed_traffic,plaintext_filter,7.978338049724698,,,,0.04267401527613401,,8.021012065000832
mixed_benign_case_queue_review_037,mixed_traffic,plaintext_filter,8.377155987545848,,,,0.04365504719316959,,8.420811034739017
mixed_benign_case_queue_review_038,mixed_traffic,plaintext_filter,8.228543971199542,,,,0.04526798147708178,,8.273811952676624
mixed_benign_case_queue_review_039,mixed_traffic,plaintext_filter,8.034361992031336,,,,0.04365498898550868,,8.078016981016845
mixed_benign_case_queue_review_040,mixed_traffic,plaintext_filter,8.417826960794628,,,,0.044426997192204,,8.462253957986832
mixed_benign_case_queue_review_041,mixed_traffic,plaintext_filter,8.355733996722847,,,,0.04354503471404314,,8.39927903143689
mixed_benign_case_queue_review_042,mixed_traffic,plaintext_filter,8.581583038903773,,,,0.04472699947655201,,8.626310038380325
mixed_benign_case_queue_review_043,mixed_traffic,plaintext_filter,8.295273990370333,,,,0.0433559762313962,,8.338629966601729
mixed_benign_case_queue_review_044,mixed_traffic,plaintext_filter,8.208132989238948,,,,0.04391599213704467,,8.252048981375992
mixed_benign_case_queue_review_045,mixed_traffic,plaintext_filter,8.353540964890271,,,,0.05336001049727201,,8.406900975387543
mixed_benign_case_queue_review_046,mixed_traffic,plaintext_filter,8.406069013290107,,,,0.04338502185419202,,8.449454035144299
mixed_benign_case_queue_review_047,mixed_traffic,plaintext_filter,8.323726011440158,,,,0.04124199040234089,,8.364968001842499
mixed_benign_case_queue_review_048,mixed_traffic,plaintext_filter,8.202934986911714,,,,0.04478701157495379,,8.247721998486668
mixed_benign_case_queue_review_049,mixed_traffic,plaintext_filter,8.261682000011206,,,,0.04246400203555822,,8.304146002046764
mixed_benign_case_queue_review_050,mixed_traffic,plaintext_filter,8.401803963351995,,,,0.04423700738698244,,8.446040970738977
mixed_benign_case_queue_review_051,mixed_traffic,plaintext_filter,8.123004983644933,,,,0.05018501542508602,,8.173189999070019
mixed_benign_case_queue_review_052,mixed_traffic,plaintext_filter,8.304146991576999,,,,0.0421029981225729,,8.346249989699572
mixed_benign_case_queue_review_053,mixed_traffic,plaintext_filter,8.312579011544585,,,,0.04356598947197199,,8.356145001016557
mixed_benign_case_queue_review_054,mixed_traffic,plaintext_filter,7.967301993630826,,,,0.03811705391854048,,8.005419047549367
mixed_benign_case_queue_review_055,mixed_traffic,plaintext_filter,7.870186003856361,,,,0.04394602729007602,,7.914132031146437
mixed_benign_case_queue_review_056,mixed_traffic,plaintext_filter,8.005909970961511,,,,0.044235959649086,,8.050145930610597
mixed_benign_case_queue_review_057,mixed_traffic,plaintext_filter,8.076575992163271,,,,0.05159800639376044,,8.128173998557031
mixed_benign_case_queue_review_058,mixed_traffic,plaintext_filter,8.212749031372368,,,,0.04312500823289156,,8.25587403960526
mixed_benign_case_queue_review_059,mixed_traffic,plaintext_filter,8.119268983136863,,,,0.0428840285167098,,8.162153011653572
mixed_benign_case_queue_review_060,mixed_traffic,plaintext_filter,9.917857998516411,,,,0.05882797995582223,,9.976685978472233
mixed_benign_case_queue_review_061,mixed_traffic,plaintext_filter,10.00717101851478,,,,0.05568296182900667,,10.06285398034379
mixed_benign_case_queue_review_062,mixed_traffic,plaintext_filter,8.687922963872552,,,,0.05051499465480447,,8.738437958527356
mixed_benign_case_queue_review_063,mixed_traffic,plaintext_filter,8.463667007163167,,,,0.04609901225194335,,8.50976601941511
mixed_benign_case_queue_review_064,mixed_traffic,plaintext_filter,8.281413000077009,,,,0.04594895290210843,,8.327361952979118
mixed_benign_case_queue_review_065,mixed_traffic,plaintext_filter,8.398007019422948,,,,0.04680000711232424,,8.444807026535273
mixed_benign_case_queue_review_066,mixed_traffic,plaintext_filter,8.440480974968523,,,,0.04449597327038646,,8.484976948238909
mixed_benign_case_queue_review_067,mixed_traffic,plaintext_filter,8.227622020058334,,,,0.05052599590271711,,8.278148015961051
mixed_benign_case_queue_review_068,mixed_traffic,plaintext_filter,8.248281956184655,,,,0.04480697680264711,,8.293088932987303
mixed_benign_case_queue_review_069,mixed_traffic,plaintext_filter,8.358397986739874,,,,0.04420598270371556,,8.402603969443589
mixed_benign_case_queue_review_070,mixed_traffic,plaintext_filter,9.863896993920207,,,,0.05402101669460535,,9.917918010614812
mixed_benign_audit_risk_review_001,mixed_traffic,plaintext_filter,8.748824009671807,,,,0.04628003807738423,,8.795104047749192
mixed_benign_audit_risk_review_002,mixed_traffic,plaintext_filter,8.231117040850222,,,,0.0442960299551487,,8.275413070805371
mixed_benign_audit_risk_review_003,mixed_traffic,plaintext_filter,8.670106006320566,,,,0.04509801510721445,,8.71520402142778
mixed_benign_audit_risk_review_004,mixed_traffic,plaintext_filter,8.337296021636575,,,,0.04311499651521444,,8.38041101815179
mixed_benign_audit_risk_review_005,mixed_traffic,plaintext_filter,8.44579900149256,,,,0.04278396954759955,,8.488582971040159
mixed_benign_audit_risk_review_006,mixed_traffic,plaintext_filter,8.263797033578157,,,,0.04674994852393866,,8.310546982102096
mixed_benign_audit_risk_review_007,mixed_traffic,plaintext_filter,8.240461989771575,,,,0.0415929825976491,,8.282054972369224
mixed_benign_audit_risk_review_008,mixed_traffic,plaintext_filter,8.29855800839141,,,,0.04406599327921867,,8.342624001670629
mixed_benign_audit_risk_review_009,mixed_traffic,plaintext_filter,8.224768040236086,,,,0.04275399260222912,,8.267522032838315
mixed_benign_audit_risk_review_010,mixed_traffic,plaintext_filter,8.099369995761663,,,,0.04257401451468468,,8.141944010276347
mixed_benign_audit_risk_review_011,mixed_traffic,plaintext_filter,9.061091986950487,,,,0.04398601595312357,,9.10507800290361
mixed_benign_audit_risk_review_012,mixed_traffic,plaintext_filter,8.123244973830879,,,,0.04459696356207132,,8.16784193739295
mixed_benign_audit_risk_review_013,mixed_traffic,plaintext_filter,10.02332597272471,,,,0.05522300489246845,,10.07854897761717
mixed_benign_audit_risk_review_014,mixed_traffic,plaintext_filter,8.367802016437054,,,,0.04380597965791821,,8.411607996094972
mixed_benign_audit_risk_review_015,mixed_traffic,plaintext_filter,8.378639002330601,,,,0.0428840285167098,,8.421523030847311
mixed_benign_audit_risk_review_016,mixed_traffic,plaintext_filter,8.414793002884835,,,,0.04263402661308646,,8.457427029497921
mixed_benign_audit_risk_review_017,mixed_traffic,plaintext_filter,8.860611007548869,,,,0.04349497612565756,,8.904105983674526
mixed_benign_audit_risk_review_018,mixed_traffic,plaintext_filter,9.902854973915964,,,,0.05398096982389688,,9.956835943739861
mixed_benign_audit_risk_review_019,mixed_traffic,plaintext_filter,8.200291020330042,,,,0.04387501394376159,,8.244166034273803
mixed_benign_audit_risk_review_020,mixed_traffic,plaintext_filter,8.461093006189913,,,,0.04470703424885869,,8.505800040438771
mixed_benign_audit_risk_review_021,mixed_traffic,plaintext_filter,8.371617994271219,,,,0.04390598041936755,,8.415523974690586
mixed_benign_audit_risk_review_022,mixed_traffic,plaintext_filter,8.426851010881364,,,,0.04650000482797623,,8.473351015709341
mixed_benign_audit_risk_review_023,mixed_traffic,plaintext_filter,8.446119027212262,,,,0.04561798414215446,,8.491737011354417
mixed_benign_audit_risk_review_024,mixed_traffic,plaintext_filter,8.628603012766689,,,,0.0455779954791069,,8.674181008245796
mixed_benign_audit_risk_review_025,mixed_traffic,plaintext_filter,9.510166011750698,,,,0.04123098915442824,,9.551397000905126
mixed_benign_audit_risk_review_026,mixed_traffic,plaintext_filter,9.800490981433541,,,,0.05559297278523445,,9.856083954218775
mixed_benign_audit_risk_review_027,mixed_traffic,plaintext_filter,10.2093149907887,,,,0.05025602877140045,,10.2595710195601
mixed_benign_audit_risk_review_028,mixed_traffic,plaintext_filter,9.815935045480728,,,,0.06184203084558249,,9.877777076326311
mixed_benign_audit_risk_review_029,mixed_traffic,plaintext_filter,9.907061001285911,,,,0.05521299317479134,,9.962273994460702
mixed_benign_audit_risk_review_030,mixed_traffic,plaintext_filter,9.371598018333316,,,,0.0500950263813138,,9.42169304471463
mixed_benign_audit_risk_review_031,mixed_traffic,plaintext_filter,10.18510799622163,,,,0.05417095962911844,,10.23927895585075
mixed_benign_audit_risk_review_032,mixed_traffic,plaintext_filter,10.31454297481105,,,,0.05109701305627823,,10.36563998786733
mixed_benign_audit_risk_review_033,mixed_traffic,plaintext_filter,14.29113699123263,,,,0.06624002708122134,,14.35737701831385
mixed_benign_audit_risk_review_034,mixed_traffic,plaintext_filter,36.7466919706203,,,,0.06800203118473291,,36.81469400180504
mixed_benign_audit_risk_review_035,mixed_traffic,plaintext_filter,10.90742199448869,,,,0.05633494583889842,,10.96375694032758
mixed_benign_audit_risk_review_036,mixed_traffic,plaintext_filter,22.84317702287808,,,,0.09925896301865578,,22.94243598589674
mixed_benign_audit_risk_review_037,mixed_traffic,plaintext_filter,17.83100800821558,,,,0.05618395516648889,,17.88719196338207
mixed_benign_audit_risk_review_038,mixed_traffic,plaintext_filter,10.74785302625969,,,,0.05368998972699046,,10.80154301598668
mixed_benign_audit_risk_review_039,mixed_traffic,plaintext_filter,9.76662099128589,,,,0.05448103183880448,,9.821102023124695
mixed_benign_audit_risk_review_040,mixed_traffic,plaintext_filter,9.457467007450759,,,,0.05229795351624489,,9.509764960967004
mixed_benign_audit_risk_review_041,mixed_traffic,plaintext_filter,10.17197902547196,,,,0.04993495531380177,,10.22191398078576
mixed_benign_audit_risk_review_042,mixed_traffic,plaintext_filter,9.491016971878707,,,,0.05415099440142512,,9.545167966280133
mixed_benign_audit_risk_review_043,mixed_traffic,plaintext_filter,30.97760898526758,,,,0.05690602120012045,,31.0345150064677
mixed_benign_audit_risk_review_044,mixed_traffic,plaintext_filter,28.49790902109817,,,,0.09922898607328534,,28.59713800717145
mixed_benign_audit_risk_review_045,mixed_traffic,plaintext_filter,9.968212980311364,,,,0.06067100912332535,,10.02888398943469
mixed_benign_audit_risk_review_046,mixed_traffic,plaintext_filter,9.541022998746485,,,,0.0573860015720129,,9.598409000318497
mixed_benign_audit_risk_review_047,mixed_traffic,plaintext_filter,10.31146897003055,,,,0.057315977755934,,10.36878494778648
mixed_benign_audit_risk_review_048,mixed_traffic,plaintext_filter,9.439960995223373,,,,0.05076598608866334,,9.490726981312037
mixed_benign_audit_risk_review_049,mixed_traffic,plaintext_filter,13.22229404468089,,,,0.112139037810266,,13.33443308249116
mixed_benign_audit_risk_review_050,mixed_traffic,plaintext_filter,10.01795800402761,,,,0.05878898082301021,,10.07674698485062
mixed_benign_audit_risk_review_051,mixed_traffic,plaintext_filter,9.630846965592355,,,,0.05680503090843558,,9.68765199650079
mixed_benign_audit_risk_review_052,mixed_traffic,plaintext_filter,9.515504003502429,,,,0.05155702820047736,,9.567061031702906
mixed_benign_audit_risk_review_053,mixed_traffic,plaintext_filter,10.37582400022075,,,,0.0550429685972631,,10.43086696881801
mixed_benign_audit_risk_review_054,mixed_traffic,plaintext_filter,10.7378980028443,,,,0.0531300320290029,,10.79102803487331
mixed_benign_audit_risk_review_055,mixed_traffic,plaintext_filter,9.565578016918153,,,,0.05064602009952068,,9.616224037017673
mixed_benign_audit_risk_review_056,mixed_traffic,plaintext_filter,10.43605495942757,,,,0.06599898915737867,,10.50205394858494
mixed_benign_audit_risk_review_057,mixed_traffic,plaintext_filter,11.1377970315516,,,,0.06928399670869112,,11.20708102826029
mixed_benign_audit_risk_review_058,mixed_traffic,plaintext_filter,10.67524298559874,,,,0.07207802264019847,,10.74732100823894
mixed_benign_audit_risk_review_059,mixed_traffic,plaintext_filter,10.70733199594542,,,,0.05709601100534201,,10.76442800695077
mixed_benign_audit_risk_review_060,mixed_traffic,plaintext_filter,9.793411009013653,,,,0.05323003279045224,,9.846641041804105
mixed_benign_audit_risk_review_061,mixed_traffic,plaintext_filter,10.08293498307467,,,,0.05719601176679134,,10.14013099484146
mixed_benign_audit_risk_review_062,mixed_traffic,plaintext_filter,9.565347980242223,,,,0.05635502748191357,,9.621703007724136
mixed_benign_audit_risk_review_063,mixed_traffic,plaintext_filter,9.980332048144192,,,,0.05380099173635244,,10.03413303988054
mixed_benign_audit_risk_review_064,mixed_traffic,plaintext_filter,9.484887996222824,,,,0.05381100345402956,,9.538698999676853
mixed_benign_audit_risk_review_065,mixed_traffic,plaintext_filter,9.420412010513246,,,,0.05630397936329246,,9.476715989876539
mixed_benign_audit_risk_review_066,mixed_traffic,plaintext_filter,9.692459017969668,,,,0.05074602086097002,,9.743205038830638
mixed_benign_audit_risk_review_067,mixed_traffic,plaintext_filter,10.13684598729014,,,,0.05618500290438533,,10.19303099019453
mixed_benign_audit_risk_review_068,mixed_traffic,plaintext_filter,8.475454000290483,,,,0.04869297845289111,,8.524146978743374
mixed_benign_audit_risk_review_069,mixed_traffic,plaintext_filter,8.214162022341043,,,,0.0473310356028378,,8.261493057943881
mixed_benign_audit_risk_review_070,mixed_traffic,plaintext_filter,8.24214395834133,,,,0.04400598118081689,,8.286149939522147
mixed_adaptive_scaffold_probing_001,mixed_traffic,plaintext_filter,8.98069201502949,,,,0.05267903907224536,,9.033371054101735
mixed_adaptive_scaffold_probing_002,mixed_traffic,plaintext_filter,9.023726976010948,,,,0.04479702329263091,,9.068523999303579
mixed_adaptive_scaffold_probing_003,mixed_traffic,plaintext_filter,8.635364007204771,,,,0.04604901187121868,,8.68141301907599
mixed_adaptive_scaffold_probing_004,mixed_traffic,plaintext_filter,8.936244994401932,,,,0.04595902282744646,,8.982204017229378
mixed_adaptive_scaffold_probing_005,mixed_traffic,plaintext_filter,8.496586000546813,,,,0.04481698852032423,,8.541402989067137
mixed_adaptive_scaffold_probing_006,mixed_traffic,plaintext_filter,9.470476012211293,,,,0.04650000482797623,,9.516976017039269
mixed_adaptive_scaffold_probing_007,mixed_traffic,plaintext_filter,8.939419989474118,,,,0.04591903416439891,,8.985339023638517
mixed_adaptive_scaffold_probing_008,mixed_traffic,plaintext_filter,8.945268054958433,,,,0.04466698737815022,,8.989935042336583
mixed_adaptive_scaffold_probing_009,mixed_traffic,plaintext_filter,8.604326983913779,,,,0.04537799395620823,,8.649704977869987
mixed_adaptive_scaffold_probing_010,mixed_traffic,plaintext_filter,8.474242989905179,,,,0.04585896385833621,,8.520101953763515
mixed_adaptive_scaffold_probing_011,mixed_traffic,plaintext_filter,8.870726975146681,,,,0.04640995757654309,,8.917136932723224
mixed_adaptive_scaffold_probing_012,mixed_traffic,plaintext_filter,8.765589038375765,,,,0.04446698585525155,,8.810056024231017
mixed_adaptive_scaffold_probing_013,mixed_traffic,plaintext_filter,8.973630960099399,,,,0.04588899901136756,,9.019519959110767
mixed_adaptive_scaffold_probing_014,mixed_traffic,plaintext_filter,8.874332997947931,,,,0.04423700738698244,,8.918570005334914
mixed_adaptive_scaffold_probing_015,mixed_traffic,plaintext_filter,8.536615001503378,,,,0.045507971663028,,8.582122973166406
mixed_adaptive_scaffold_probing_016,mixed_traffic,plaintext_filter,8.974032010883093,,,,0.04672998329624534,,9.020761994179338
mixed_adaptive_scaffold_probing_017,mixed_traffic,plaintext_filter,10.51082700723782,,,,0.05594402318820357,,10.56677103042603
mixed_adaptive_scaffold_probing_018,mixed_traffic,plaintext_filter,10.57380100246519,,,,0.0534009886905551,,10.62720199115574
mixed_adaptive_scaffold_probing_019,mixed_traffic,plaintext_filter,8.83595400955528,,,,0.04724098835140467,,8.883194997906685
mixed_adaptive_scaffold_probing_020,mixed_traffic,plaintext_filter,8.823365031275898,,,,0.04758196882903576,,8.870947000104934
mixed_adaptive_scaffold_probing_021,mixed_traffic,plaintext_filter,9.122653980739415,,,,0.04513701424002647,,9.167790994979441
mixed_adaptive_scaffold_probing_022,mixed_traffic,plaintext_filter,8.955314056947827,,,,0.04544801777228713,,9.000762074720114
mixed_adaptive_scaffold_probing_023,mixed_traffic,plaintext_filter,9.187112038489431,,,,0.04861300112679601,,9.235725039616227
mixed_adaptive_scaffold_probing_024,mixed_traffic,plaintext_filter,8.843936026096344,,,,0.04673999501392245,,8.890676021110266
mixed_adaptive_scaffold_probing_025,mixed_traffic,plaintext_filter,8.857005974277854,,,,0.04599901149049401,,8.903004985768348
mixed_adaptive_scaffold_probing_026,mixed_traffic,plaintext_filter,8.860571018885821,,,,0.04537799395620823,,8.905949012842029
mixed_adaptive_scaffold_probing_027,mixed_traffic,plaintext_filter,8.863185998052359,,,,0.04500802606344223,,8.908194024115801
mixed_adaptive_scaffold_probing_028,mixed_traffic,plaintext_filter,8.867191034369171,,,,0.04862295463681221,,8.915813989005983
mixed_adaptive_scaffold_probing_029,mixed_traffic,plaintext_filter,10.0457799853757,,,,0.05583401070907712,,10.10161399608478
mixed_adaptive_scaffold_probing_030,mixed_traffic,plaintext_filter,10.36783203016967,,,,0.05896802758798003,,10.42680005775765
mixed_adaptive_scaffold_probing_031,mixed_traffic,plaintext_filter,11.76036195829511,,,,0.05237903678789735,,11.812740995083
mixed_adaptive_scaffold_probing_032,mixed_traffic,plaintext_filter,9.041601966600865,,,,0.04562799585983157,,9.087229962460697
mixed_adaptive_scaffold_probing_033,mixed_traffic,plaintext_filter,8.705047017429024,,,,0.04706101026386023,,8.752108027692884
mixed_adaptive_scaffold_probing_034,mixed_traffic,plaintext_filter,8.985519001726061,,,,0.04885299131274223,,9.034371993038803
mixed_adaptive_scaffold_probing_035,mixed_traffic,plaintext_filter,8.865759009495378,,,,0.04846201045438647,,8.914221019949764
mixed_adaptive_scaffold_probing_036,mixed_traffic,plaintext_filter,9.115253982599825,,,,0.04866300150752068,,9.163916984107345
mixed_adaptive_scaffold_probing_037,mixed_traffic,plaintext_filter,8.745529979933053,,,,0.04722102312371135,,8.792751003056765
mixed_adaptive_scaffold_probing_038,mixed_traffic,plaintext_filter,8.769495005253702,,,,0.0470600207336247,,8.816555025987327
mixed_adaptive_scaffold_probing_039,mixed_traffic,plaintext_filter,8.87906999560073,,,,0.04712102236226201,,8.926191017962992
mixed_adaptive_scaffold_probing_040,mixed_traffic,plaintext_filter,8.789143990725279,,,,0.04630000330507755,,8.835443994030356
mixed_adaptive_scaffold_probing_041,mixed_traffic,plaintext_filter,8.819048991426826,,,,0.0500250025652349,,8.86907399399206
mixed_adaptive_scaffold_probing_042,mixed_traffic,plaintext_filter,8.530527004040778,,,,0.04683999577537179,,8.577366999816149
mixed_adaptive_scaffold_probing_043,mixed_traffic,plaintext_filter,8.775414025876671,,,,0.04443596117198467,,8.819849987048656
mixed_adaptive_scaffold_probing_044,mixed_traffic,plaintext_filter,8.87151702772826,,,,0.04346598871052265,,8.914983016438782
mixed_adaptive_scaffold_probing_045,mixed_traffic,plaintext_filter,8.978949044831097,,,,0.04635000368580222,,9.025299048516899
mixed_adaptive_scaffold_probing_046,mixed_traffic,plaintext_filter,8.7256989791058,,,,0.04460697527974844,,8.770305954385549
mixed_adaptive_scaffold_probing_047,mixed_traffic,plaintext_filter,9.065490041393787,,,,0.04654895747080445,,9.112038998864591
mixed_adaptive_scaffold_probing_048,mixed_traffic,plaintext_filter,9.140100970398635,,,,0.04614901263266802,,9.186249983031303
mixed_adaptive_scaffold_probing_049,mixed_traffic,plaintext_filter,8.844918047543615,,,,0.0481919851154089,,8.893110032659024
mixed_adaptive_scaffold_probing_050,mixed_traffic,plaintext_filter,8.510315965395421,,,,0.0439459690824151,,8.554261934477836
mixed_adaptive_guardrail_policy_extraction_001,mixed_traffic,plaintext_filter,8.800262003205717,,,,0.05538295954465866,,8.855644962750375
mixed_adaptive_guardrail_policy_extraction_002,mixed_traffic,plaintext_filter,8.622833993285894,,,,0.04421704215928912,,8.667051035445184
mixed_adaptive_guardrail_policy_extraction_003,mixed_traffic,plaintext_filter,8.451376983430237,,,,0.04745100159198046,,8.498827985022217
mixed_adaptive_guardrail_policy_extraction_004,mixed_traffic,plaintext_filter,8.451937988866121,,,,0.04736101254820824,,8.499299001414329
mixed_adaptive_guardrail_policy_extraction_005,mixed_traffic,plaintext_filter,8.457517018541694,,,,0.04646996967494488,,8.503986988216639
mixed_adaptive_guardrail_policy_extraction_006,mixed_traffic,plaintext_filter,10.18757198471576,,,,0.0546220107935369,,10.2421939955093
mixed_adaptive_guardrail_policy_extraction_007,mixed_traffic,plaintext_filter,10.10567002231255,,,,0.05686597432941198,,10.16253599664196
mixed_adaptive_guardrail_policy_extraction_008,mixed_traffic,plaintext_filter,8.552628976758569,,,,0.04663999425247312,,8.599268971011043
mixed_adaptive_guardrail_policy_extraction_009,mixed_traffic,plaintext_filter,8.563485986087471,,,,0.04779099253937602,,8.611276978626847
mixed_adaptive_guardrail_policy_extraction_010,mixed_traffic,plaintext_filter,8.531817002221942,,,,0.04631001502275467,,8.578127017244697
mixed_adaptive_guardrail_policy_extraction_011,mixed_traffic,plaintext_filter,8.460141019895673,,,,0.04697003168985248,,8.507111051585525
mixed_adaptive_guardrail_policy_extraction_012,mixed_traffic,plaintext_filter,8.64142196951434,,,,0.04711002111434937,,8.68853199062869
mixed_adaptive_guardrail_policy_extraction_013,mixed_traffic,plaintext_filter,8.501511998474598,,,,0.04535802872851491,,8.546870027203113
mixed_adaptive_guardrail_policy_extraction_014,mixed_traffic,plaintext_filter,8.802204043604434,,,,0.04648003960028291,,8.848684083204716
mixed_adaptive_guardrail_policy_extraction_015,mixed_traffic,plaintext_filter,8.598237996920943,,,,0.0455680419690907,,8.643806038890034
mixed_adaptive_guardrail_policy_extraction_016,mixed_traffic,plaintext_filter,8.598176995292306,,,,0.04658999387174845,,8.644766989164054
mixed_adaptive_guardrail_policy_extraction_017,mixed_traffic,plaintext_filter,8.967713045421988,,,,0.04796200664713979,,9.015675052069128
mixed_adaptive_guardrail_policy_extraction_018,mixed_traffic,plaintext_filter,8.86786199407652,,,,0.04707102198153734,,8.914933016058058
mixed_adaptive_guardrail_policy_extraction_019,mixed_traffic,plaintext_filter,8.708093024324626,,,,0.04603998968377709,,8.754133014008403
mixed_adaptive_guardrail_policy_extraction_020,mixed_traffic,plaintext_filter,8.789554995018989,,,,0.04433700814843178,,8.833892003167421
mixed_adaptive_guardrail_policy_extraction_021,mixed_traffic,plaintext_filter,9.455483988858759,,,,0.04746095510199666,,9.502944943960756
mixed_adaptive_guardrail_policy_extraction_022,mixed_traffic,plaintext_filter,8.693461015354842,,,,0.04574802005663514,,8.739209035411477
mixed_adaptive_guardrail_policy_extraction_023,mixed_traffic,plaintext_filter,8.538198017049581,,,,0.04696100950241089,,8.585159026551992
mixed_adaptive_guardrail_policy_extraction_024,mixed_traffic,plaintext_filter,8.658187987748533,,,,0.04744098987430334,,8.705628977622837
mixed_adaptive_guardrail_policy_extraction_025,mixed_traffic,plaintext_filter,8.502104028593749,,,,0.04530797014012933,,8.547411998733878
mixed_adaptive_guardrail_policy_extraction_026,mixed_traffic,plaintext_filter,8.434222021605819,,,,0.04694098606705666,,8.481163007672876
mixed_adaptive_guardrail_policy_extraction_027,mixed_traffic,plaintext_filter,8.483676996547729,,,,0.04732102388516068,,8.530998020432889
mixed_adaptive_guardrail_policy_extraction_028,mixed_traffic,plaintext_filter,8.842404989991337,,,,0.04584901034832001,,8.888254000339657
mixed_adaptive_guardrail_policy_extraction_029,mixed_traffic,plaintext_filter,8.38316505542025,,,,0.04554801853373647,,8.428713073953986
mixed_adaptive_guardrail_policy_extraction_030,mixed_traffic,plaintext_filter,8.945899026002735,,,,0.04599901149049401,,8.991898037493229
mixed_adaptive_guardrail_policy_extraction_031,mixed_traffic,plaintext_filter,8.936145051848143,,,,0.04623999120667577,,8.982385043054819
mixed_adaptive_guardrail_policy_extraction_032,mixed_traffic,plaintext_filter,8.92775203101337,,,,0.04536798223853111,,8.973120013251901
mixed_adaptive_guardrail_policy_extraction_033,mixed_traffic,plaintext_filter,9.057727991603315,,,,0.04563800757750869,,9.103365999180824
mixed_adaptive_guardrail_policy_extraction_034,mixed_traffic,plaintext_filter,8.994993986561894,,,,0.0450679799541831,,9.040061966516078
mixed_adaptive_guardrail_policy_extraction_035,mixed_traffic,plaintext_filter,8.877697982825339,,,,0.0448570353910327,,8.922555018216372
mixed_adaptive_guardrail_policy_extraction_036,mixed_traffic,plaintext_filter,8.746979990974069,,,,0.045918975956738,,8.792898966930807
mixed_adaptive_guardrail_policy_extraction_037,mixed_traffic,plaintext_filter,10.18791203387082,,,,0.05846703425049782,,10.24637906812131
mixed_adaptive_guardrail_policy_extraction_038,mixed_traffic,plaintext_filter,8.957205980550498,,,,0.05072698695585132,,9.007932967506349
mixed_adaptive_guardrail_policy_extraction_039,mixed_traffic,plaintext_filter,8.808002050500363,,,,0.04643999272957444,,8.854442043229938
mixed_adaptive_guardrail_policy_extraction_040,mixed_traffic,plaintext_filter,9.058178984560072,,,,0.04695000825449824,,9.105128992814571
mixed_adaptive_guardrail_policy_extraction_041,mixed_traffic,plaintext_filter,9.184266033116728,,,,0.04791200626641512,,9.232178039383143
mixed_adaptive_guardrail_policy_extraction_042,mixed_traffic,plaintext_filter,8.798278984613717,,,,0.046068977098912,,8.844347961712629
mixed_adaptive_guardrail_policy_extraction_043,mixed_traffic,plaintext_filter,8.651187003124505,,,,0.04793197149410844,,8.699118974618614
mixed_adaptive_guardrail_policy_extraction_044,mixed_traffic,plaintext_filter,8.895874954760075,,,,0.04545802948996425,,8.941332984250039
mixed_adaptive_guardrail_policy_extraction_045,mixed_traffic,plaintext_filter,8.583835966419429,,,,0.044988002628088,,8.628823969047517
mixed_adaptive_guardrail_policy_extraction_046,mixed_traffic,plaintext_filter,8.80979496287182,,,,0.04622997948899865,,8.856024942360818
mixed_adaptive_guardrail_policy_extraction_047,mixed_traffic,plaintext_filter,9.043545986060053,,,,0.04913297016173601,,9.092678956221789
mixed_adaptive_guardrail_policy_extraction_048,mixed_traffic,plaintext_filter,8.923885994590819,,,,0.04743103636428714,,8.971317030955106
mixed_adaptive_guardrail_policy_extraction_049,mixed_traffic,plaintext_filter,8.79726599669084,,,,0.04522799281403422,,8.842493989504874
mixed_adaptive_guardrail_policy_extraction_050,mixed_traffic,plaintext_filter,8.771468012128025,,,,0.04702096339315176,,8.818488975521177
mixed_adaptive_compliance_reframing_001,mixed_traffic,plaintext_filter,10.18222398124635,,,,0.05426199641078711,,10.23648597765714
mixed_adaptive_compliance_reframing_002,mixed_traffic,plaintext_filter,8.612119010649621,,,,0.04769203951582313,,8.659811050165445
mixed_adaptive_compliance_reframing_003,mixed_traffic,plaintext_filter,8.38719098828733,,,,0.04711101064458489,,8.434301998931915
mixed_adaptive_compliance_reframing_004,mixed_traffic,plaintext_filter,8.396003977395594,,,,0.04599901149049401,,8.442002988886088
mixed_adaptive_compliance_reframing_005,mixed_traffic,plaintext_filter,8.593240985646844,,,,0.045138003770262,,8.638378989417106
mixed_adaptive_compliance_reframing_006,mixed_traffic,plaintext_filter,8.473770983982831,,,,0.04681001883000135,,8.520581002812833
mixed_adaptive_compliance_reframing_007,mixed_traffic,plaintext_filter,8.383656037040055,,,,0.04660000558942556,,8.43025604262948
mixed_adaptive_compliance_reframing_008,mixed_traffic,plaintext_filter,8.458116964902729,,,,0.04525796975940466,,8.503374934662133
mixed_adaptive_compliance_reframing_009,mixed_traffic,plaintext_filter,8.428183034993708,,,,0.04663999425247312,,8.474823029246181
mixed_adaptive_compliance_reframing_010,mixed_traffic,plaintext_filter,8.488384017255157,,,,0.04538800567388535,,8.533772022929043
mixed_adaptive_compliance_reframing_011,mixed_traffic,plaintext_filter,8.8707460090518,,,,0.04571903264150023,,8.9164650416933
mixed_adaptive_compliance_reframing_012,mixed_traffic,plaintext_filter,8.540551003534347,,,,0.04677998367697001,,8.587330987211317
mixed_adaptive_compliance_reframing_013,mixed_traffic,plaintext_filter,8.620361040811986,,,,0.04683103179559112,,8.667192072607577
mixed_adaptive_compliance_reframing_014,mixed_traffic,plaintext_filter,8.740430988837034,,,,0.04848296521231532,,8.788913954049349
mixed_adaptive_compliance_reframing_015,mixed_traffic,plaintext_filter,8.483776007778943,,,,0.04441698547452688,,8.528192993253469
mixed_adaptive_compliance_reframing_016,mixed_traffic,plaintext_filter,10.33682597335428,,,,0.0556130544282496,,10.39243902778253
mixed_adaptive_compliance_reframing_017,mixed_traffic,plaintext_filter,10.01773600000888,,,,0.05542300641536713,,10.07315900642425
mixed_adaptive_compliance_reframing_018,mixed_traffic,plaintext_filter,9.913710993714631,,,,0.05845795385539532,,9.972168947570026
mixed_adaptive_compliance_reframing_019,mixed_traffic,plaintext_filter,9.002193983178586,,,,0.05113700171932578,,9.053330984897912
mixed_adaptive_compliance_reframing_020,mixed_traffic,plaintext_filter,8.487671962939203,,,,0.04667002940550447,,8.534341992344707
mixed_adaptive_compliance_reframing_021,mixed_traffic,plaintext_filter,9.033730952069163,,,,0.04646898014470935,,9.080199932213873
mixed_adaptive_compliance_reframing_022,mixed_traffic,plaintext_filter,8.935243007726967,,,,0.04899397026747465,,8.984236977994442
mixed_adaptive_compliance_reframing_023,mixed_traffic,plaintext_filter,8.756956027355045,,,,0.05047599552199244,,8.807432022877038
mixed_adaptive_compliance_reframing_024,mixed_traffic,plaintext_filter,8.744266990106553,,,,0.05147699266672134,,8.795743982773274
mixed_adaptive_compliance_reframing_025,mixed_traffic,plaintext_filter,8.742214005906135,,,,0.04859303589910269,,8.790807041805238
mixed_adaptive_compliance_reframing_026,mixed_traffic,plaintext_filter,8.728282991796732,,,,0.04750100197270513,,8.775783993769437
mixed_adaptive_compliance_reframing_027,mixed_traffic,plaintext_filter,8.879980014171451,,,,0.04709995118901134,,8.927079965360463
mixed_adaptive_compliance_reframing_028,mixed_traffic,plaintext_filter,8.435042982455343,,,,0.04685000749304891,,8.481892989948392
mixed_adaptive_compliance_reframing_029,mixed_traffic,plaintext_filter,10.17404097365215,,,,0.06391596980392933,,10.23795694345608
mixed_adaptive_compliance_reframing_030,mixed_traffic,plaintext_filter,9.059901000000536,,,,0.05168799543753266,,9.111588995438069
mixed_adaptive_compliance_reframing_031,mixed_traffic,plaintext_filter,9.131869010161608,,,,0.04660000558942556,,9.178469015751034
mixed_adaptive_compliance_reframing_032,mixed_traffic,plaintext_filter,8.956014004070312,,,,0.04620000254362822,,9.00221400661394
mixed_adaptive_compliance_reframing_033,mixed_traffic,plaintext_filter,8.598417975008488,,,,0.04667002940550447,,8.645088004413992
mixed_adaptive_compliance_reframing_034,mixed_traffic,plaintext_filter,8.954161021392792,,,,0.04672002978622913,,9.000881051179022
mixed_adaptive_compliance_reframing_035,mixed_traffic,plaintext_filter,8.638878993224353,,,,0.04539795918390155,,8.684276952408254
mixed_adaptive_compliance_reframing_036,mixed_traffic,plaintext_filter,9.056074952241033,,,,0.04806200740858912,,9.104136959649622
mixed_adaptive_compliance_reframing_037,mixed_traffic,plaintext_filter,8.654090983327478,,,,0.04630896728485823,,8.700399950612336
mixed_adaptive_compliance_reframing_038,mixed_traffic,plaintext_filter,8.751607965677977,,,,0.04803203046321869,,8.799639996141195
mixed_adaptive_compliance_reframing_039,mixed_traffic,plaintext_filter,8.663115033414215,,,,0.04957395140081644,,8.712688984815031
mixed_adaptive_compliance_reframing_040,mixed_traffic,plaintext_filter,9.111277002375573,,,,0.04881300264969468,,9.160090005025268
mixed_adaptive_compliance_reframing_041,mixed_traffic,plaintext_filter,9.067672013770789,,,,0.04495697794482112,,9.11262899171561
mixed_adaptive_compliance_reframing_042,mixed_traffic,plaintext_filter,10.3604809846729,,,,0.05926901940256357,,10.41975000407547
mixed_adaptive_compliance_reframing_043,mixed_traffic,plaintext_filter,8.64157296018675,,,,0.04944397369399667,,8.691016933880746
mixed_adaptive_compliance_reframing_044,mixed_traffic,plaintext_filter,9.006680978927761,,,,0.04724098835140467,,9.053921967279166
mixed_adaptive_compliance_reframing_045,mixed_traffic,plaintext_filter,10.38795203203335,,,,0.05714502185583115,,10.44509705388919
mixed_adaptive_compliance_reframing_046,mixed_traffic,plaintext_filter,8.694982971064746,,,,0.04499801434576511,,8.739980985410511
mixed_adaptive_compliance_reframing_047,mixed_traffic,plaintext_filter,9.123415977228433,,,,0.04708097549155354,,9.170496952719986
mixed_adaptive_compliance_reframing_048,mixed_traffic,plaintext_filter,9.126769960857928,,,,0.04667002940550447,,9.173439990263432
mixed_adaptive_compliance_reframing_049,mixed_traffic,plaintext_filter,8.877026964910328,,,,0.04502799129113555,,8.922054956201464
mixed_adaptive_compliance_reframing_050,mixed_traffic,plaintext_filter,8.887171978130937,,,,0.04560797242447734,,8.932779950555414
mixed_adaptive_fraud_analysis_disguised_extraction_001,mixed_traffic,plaintext_filter,8.567200973629951,,,,0.04447699757292867,,8.61167797120288
mixed_adaptive_fraud_analysis_disguised_extraction_002,mixed_traffic,plaintext_filter,8.661243016831577,,,,0.04599901149049401,,8.707242028322071
mixed_adaptive_fraud_analysis_disguised_extraction_003,mixed_traffic,plaintext_filter,8.303485985379666,,,,0.04357600118964911,,8.347061986569315
mixed_adaptive_fraud_analysis_disguised_extraction_004,mixed_traffic,plaintext_filter,8.542154042515904,,,,0.04262401489540935,,8.584778057411313
mixed_adaptive_fraud_analysis_disguised_extraction_005,mixed_traffic,plaintext_filter,8.288552984595299,,,,0.04417600575834513,,8.332728990353644
mixed_adaptive_fraud_analysis_disguised_extraction_006,mixed_traffic,plaintext_filter,8.694502990692854,,,,0.04480697680264711,,8.739309967495501
mixed_adaptive_fraud_analysis_disguised_extraction_007,mixed_traffic,plaintext_filter,8.727502019610256,,,,0.04731101216748357,,8.77481303177774
mixed_adaptive_fraud_analysis_disguised_extraction_008,mixed_traffic,plaintext_filter,8.363064960576594,,,,0.04728103522211313,,8.410345995798707
mixed_adaptive_fraud_analysis_disguised_extraction_009,mixed_traffic,plaintext_filter,8.418107987381518,,,,0.044576998334378,,8.462684985715896
mixed_adaptive_fraud_analysis_disguised_extraction_010,mixed_traffic,plaintext_filter,8.596446015872061,,,,0.04558800719678402,,8.642034023068845
mixed_adaptive_fraud_analysis_disguised_extraction_011,mixed_traffic,plaintext_filter,8.449154032859951,,,,0.04440703196451068,,8.493561064824462
mixed_adaptive_fraud_analysis_disguised_extraction_012,mixed_traffic,plaintext_filter,8.678268000949174,,,,0.04338502185419202,,8.721653022803366
mixed_adaptive_fraud_analysis_disguised_extraction_013,mixed_traffic,plaintext_filter,8.307882992085069,,,,0.04346598871052265,,8.351348980795592
mixed_adaptive_fraud_analysis_disguised_extraction_014,mixed_traffic,plaintext_filter,8.604647009633482,,,,0.04369497764855623,,8.648341987282038
mixed_adaptive_fraud_analysis_disguised_extraction_015,mixed_traffic,plaintext_filter,8.280691981781274,,,,0.04325498593971133,,8.323946967720985
mixed_adaptive_fraud_analysis_disguised_extraction_016,mixed_traffic,plaintext_filter,8.568664023187011,,,,0.04495703615248203,,8.613621059339494
mixed_adaptive_fraud_analysis_disguised_extraction_017,mixed_traffic,plaintext_filter,8.724307001102716,,,,0.04133197944611311,,8.765638980548829
mixed_adaptive_fraud_analysis_disguised_extraction_018,mixed_traffic,plaintext_filter,8.609173994045705,,,,0.04344497574493289,,8.652618969790637
mixed_adaptive_fraud_analysis_disguised_extraction_019,mixed_traffic,plaintext_filter,8.638347033411264,,,,0.04402600461617112,,8.682373038027436
mixed_adaptive_fraud_analysis_disguised_extraction_020,mixed_traffic,plaintext_filter,8.662765030749142,,,,0.04356598947197199,,8.706331020221114
mixed_adaptive_fraud_analysis_disguised_extraction_021,mixed_traffic,plaintext_filter,8.555554028134793,,,,0.04377600271254778,,8.599330030847341
mixed_adaptive_fraud_analysis_disguised_extraction_022,mixed_traffic,plaintext_filter,8.501413045451045,,,,0.04401704063639045,,8.545430086087435
mixed_adaptive_fraud_analysis_disguised_extraction_023,mixed_traffic,plaintext_filter,8.677467005327344,,,,0.04198303213343024,,8.719450037460774
mixed_adaptive_fraud_analysis_disguised_extraction_024,mixed_traffic,plaintext_filter,8.366480004042387,,,,0.04331499803811312,,8.4097950020805
mixed_adaptive_fraud_analysis_disguised_extraction_025,mixed_traffic,plaintext_filter,9.991558035835624,,,,0.05922798300161958,,10.05078601883724
mixed_adaptive_fraud_analysis_disguised_extraction_026,mixed_traffic,plaintext_filter,8.521181007381529,,,,0.04621903644874692,,8.567400043830276
mixed_adaptive_fraud_analysis_disguised_extraction_027,mixed_traffic,plaintext_filter,8.643136010505259,,,,0.04533800529316068,,8.68847401579842
mixed_adaptive_fraud_analysis_disguised_extraction_028,mixed_traffic,plaintext_filter,8.569514960981905,,,,0.04443700890988111,,8.613951969891787
mixed_adaptive_fraud_analysis_disguised_extraction_029,mixed_traffic,plaintext_filter,8.655794023070484,,,,0.04334503319114447,,8.699139056261629
mixed_adaptive_fraud_analysis_disguised_extraction_030,mixed_traffic,plaintext_filter,8.556866028811783,,,,0.04354503471404314,,8.600411063525826
mixed_adaptive_fraud_analysis_disguised_extraction_031,mixed_traffic,plaintext_filter,9.063554985914379,,,,0.04465697566047311,,9.108211961574852
mixed_adaptive_fraud_analysis_disguised_extraction_032,mixed_traffic,plaintext_filter,8.804648008663207,,,,0.04405598156154156,,8.848703990224749
mixed_adaptive_fraud_analysis_disguised_extraction_033,mixed_traffic,plaintext_filter,8.679549966473132,,,,0.04314503166824579,,8.722694998141378
mixed_adaptive_fraud_analysis_disguised_extraction_034,mixed_traffic,plaintext_filter,8.786379999946803,,,,0.04406599327921867,,8.830445993226022
mixed_adaptive_fraud_analysis_disguised_extraction_035,mixed_traffic,plaintext_filter,8.844938012771308,,,,0.04381599137559533,,8.888754004146904
mixed_adaptive_fraud_analysis_disguised_extraction_036,mixed_traffic,plaintext_filter,8.515172987245023,,,,0.04589901072904468,,8.561071997974068
mixed_adaptive_fraud_analysis_disguised_extraction_037,mixed_traffic,plaintext_filter,8.536795969121158,,,,0.0439459690824151,,8.580741938203573
mixed_adaptive_fraud_analysis_disguised_extraction_038,mixed_traffic,plaintext_filter,8.483826008159667,,,,0.04408700624480844,,8.527913014404476
mixed_adaptive_fraud_analysis_disguised_extraction_039,mixed_traffic,plaintext_filter,8.333762001711875,,,,0.04328397335484624,,8.377045975066721
mixed_adaptive_fraud_analysis_disguised_extraction_040,mixed_traffic,plaintext_filter,9.966950980015099,,,,0.05505298031494021,,10.02200396033004
mixed_adaptive_fraud_analysis_disguised_extraction_041,mixed_traffic,plaintext_filter,10.34037099452689,,,,0.05576398689299822,,10.39613498141989
mixed_adaptive_fraud_analysis_disguised_extraction_042,mixed_traffic,plaintext_filter,10.08298498345539,,,,0.05586398765444756,,10.13884897110984
mixed_adaptive_fraud_analysis_disguised_extraction_043,mixed_traffic,plaintext_filter,10.13748697005212,,,,0.05450198659673333,,10.19198895664886
mixed_adaptive_fraud_analysis_disguised_extraction_044,mixed_traffic,plaintext_filter,8.813972002826631,,,,0.04625000292435288,,8.860222005750984
mixed_adaptive_fraud_analysis_disguised_extraction_045,mixed_traffic,plaintext_filter,10.11493295663968,,,,0.05409098230302334,,10.1690239389427
mixed_adaptive_fraud_analysis_disguised_extraction_046,mixed_traffic,plaintext_filter,10.3127799811773,,,,0.058437988627702,,10.371217969805
mixed_adaptive_fraud_analysis_disguised_extraction_047,mixed_traffic,plaintext_filter,8.757186005823314,,,,0.04693999653682113,,8.804126002360135
mixed_adaptive_fraud_analysis_disguised_extraction_048,mixed_traffic,plaintext_filter,15.80503804143518,,,,0.05521299317479134,,15.86025103460997
mixed_adaptive_fraud_analysis_disguised_extraction_049,mixed_traffic,plaintext_filter,10.11657499475405,,,,0.05892798071727157,,10.17550297547132
mixed_adaptive_fraud_analysis_disguised_extraction_050,mixed_traffic,plaintext_filter,10.40430698776618,,,,0.06212299922481179,,10.46642998699099
mixed_adaptive_partial_field_verification_001,mixed_traffic,plaintext_filter,67.27300403872505,,,,0.0668700085952878,,67.33987404732034
mixed_adaptive_partial_field_verification_002,mixed_traffic,plaintext_filter,15.89891000185162,,,,0.05647499347105622,,15.95538499532267
mixed_adaptive_partial_field_verification_003,mixed_traffic,plaintext_filter,98.81120396312326,,,,0.09370001498609781,,98.90490397810936
mixed_adaptive_partial_field_verification_004,mixed_traffic,plaintext_filter,34.36899703228846,,,,0.08738099131733179,,34.45637802360579
mixed_adaptive_partial_field_verification_005,mixed_traffic,plaintext_filter,33.67128898389637,,,,0.2450969768688083,,33.91638596076518
mixed_adaptive_partial_field_verification_006,mixed_traffic,plaintext_filter,23.12900498509407,,,,0.2958539989776909,,23.42485898407176
mixed_adaptive_partial_field_verification_007,mixed_traffic,plaintext_filter,10.68952499190345,,,,0.05686498479917645,,10.74638997670263
mixed_adaptive_partial_field_verification_008,mixed_traffic,plaintext_filter,10.46646101167426,,,,0.05863799015060067,,10.52509900182486
mixed_adaptive_partial_field_verification_009,mixed_traffic,plaintext_filter,9.852878982201219,,,,0.05600397707894444,,9.908882959280163
mixed_adaptive_partial_field_verification_010,mixed_traffic,plaintext_filter,27.269976970274,,,,0.07978000212460756,,27.34975697239861
mixed_adaptive_partial_field_verification_011,mixed_traffic,plaintext_filter,10.20325598074123,,,,0.06197299808263779,,10.26522897882387
mixed_adaptive_partial_field_verification_012,mixed_traffic,plaintext_filter,12.46255496516824,,,,0.07347099017351866,,12.53602595534176
mixed_adaptive_partial_field_verification_013,mixed_traffic,plaintext_filter,11.37614494655281,,,,0.07772695971652865,,11.45387190626934
mixed_adaptive_partial_field_verification_014,mixed_traffic,plaintext_filter,11.28461700864136,,,,0.07645401638001204,,11.36107102502137
mixed_adaptive_partial_field_verification_015,mixed_traffic,plaintext_filter,10.79798798309639,,,,0.07688597543165088,,10.87487395852804
mixed_adaptive_partial_field_verification_016,mixed_traffic,plaintext_filter,11.22533797752112,,,,0.07304002065211535,,11.29837799817324
mixed_adaptive_partial_field_verification_017,mixed_traffic,plaintext_filter,11.09096698928624,,,,0.08439604425802827,,11.17536303354427
mixed_adaptive_partial_field_verification_018,mixed_traffic,plaintext_filter,11.26927399309352,,,,0.07883796934038401,,11.3481119624339
mixed_adaptive_partial_field_verification_019,mixed_traffic,plaintext_filter,9.991397964768112,,,,0.06165297236293554,,10.05305093713105
mixed_adaptive_partial_field_verification_020,mixed_traffic,plaintext_filter,9.869483998045325,,,,0.06653898162767291,,9.936022979672998
mixed_adaptive_partial_field_verification_021,mixed_traffic,plaintext_filter,10.41626400547102,,,,0.06625900277867913,,10.4825230082497
mixed_adaptive_partial_field_verification_022,mixed_traffic,plaintext_filter,34.93178001372144,,,,0.0674310140311718,,34.99921102775261
mixed_adaptive_partial_field_verification_023,mixed_traffic,plaintext_filter,10.31725603388622,,,,0.06585899973288178,,10.38311503361911
mixed_adaptive_partial_field_verification_024,mixed_traffic,plaintext_filter,11.11237896839157,,,,0.07985997945070267,,11.19223894784227
mixed_adaptive_partial_field_verification_025,mixed_traffic,plaintext_filter,10.85027598310262,,,,0.0774760264903307,,10.92775200959295
mixed_adaptive_partial_field_verification_026,mixed_traffic,plaintext_filter,10.67243999568745,,,,0.06404600571841002,,10.73648600140586
mixed_adaptive_partial_field_verification_027,mixed_traffic,plaintext_filter,10.27907896786928,,,,0.0641859951429069,,10.34326496301219
mixed_adaptive_partial_field_verification_028,mixed_traffic,plaintext_filter,10.6149929924868,,,,0.06056099664419889,,10.675553989131
mixed_adaptive_partial_field_verification_029,mixed_traffic,plaintext_filter,10.49333100672811,,,,0.05892798071727157,,10.55225898744538
mixed_adaptive_partial_field_verification_030,mixed_traffic,plaintext_filter,9.947583021130413,,,,0.05596398841589689,,10.00354700954631
mixed_adaptive_partial_field_verification_031,mixed_traffic,plaintext_filter,10.19540400011465,,,,0.05725602386519313,,10.25266002397984
mixed_adaptive_partial_field_verification_032,mixed_traffic,plaintext_filter,10.09656500536948,,,,0.05621399031952024,,10.152778995689
mixed_adaptive_partial_field_verification_033,mixed_traffic,plaintext_filter,29.56690301652998,,,,0.2614619443193078,,29.82836496084929
mixed_adaptive_partial_field_verification_034,mixed_traffic,plaintext_filter,10.42934402357787,,,,0.06079103332012892,,10.490135056898
mixed_adaptive_partial_field_verification_035,mixed_traffic,plaintext_filter,10.2539419895038,,,,0.05996000254526734,,10.31390199204907
mixed_adaptive_partial_field_verification_036,mixed_traffic,plaintext_filter,10.74330601841211,,,,0.06150203989818692,,10.8048080583103
mixed_adaptive_partial_field_verification_037,mixed_traffic,plaintext_filter,10.77594503294677,,,,0.05939899710938334,,10.83534403005615
mixed_adaptive_partial_field_verification_038,mixed_traffic,plaintext_filter,10.54980501066893,,,,0.06098102312535048,,10.61078603379428
mixed_adaptive_partial_field_verification_039,mixed_traffic,plaintext_filter,10.21095796022564,,,,0.05850795423611999,,10.26946591446176
mixed_adaptive_partial_field_verification_040,mixed_traffic,plaintext_filter,10.74915402568877,,,,0.05905894795432687,,10.80821297364309
mixed_adaptive_partial_field_verification_041,mixed_traffic,plaintext_filter,10.3446869761683,,,,0.06038101855665445,,10.40506799472496
mixed_adaptive_partial_field_verification_042,mixed_traffic,plaintext_filter,10.12110203737393,,,,0.05704601062461734,,10.17814804799855
mixed_adaptive_partial_field_verification_043,mixed_traffic,plaintext_filter,10.24591003078967,,,,0.0544819631613791,,10.30039199395105
mixed_adaptive_partial_field_verification_044,mixed_traffic,plaintext_filter,9.856224991381168,,,,0.05459203384816647,,9.910817025229335
mixed_adaptive_partial_field_verification_045,mixed_traffic,plaintext_filter,11.1168859875761,,,,0.05521200364455581,,11.17209799122065
mixed_adaptive_partial_field_verification_046,mixed_traffic,plaintext_filter,10.35888801561669,,,,0.052718969527632,,10.41160698514432
mixed_adaptive_partial_field_verification_047,mixed_traffic,plaintext_filter,11.53302000602707,,,,0.05387101555243134,,11.5868910215795
mixed_adaptive_partial_field_verification_048,mixed_traffic,plaintext_filter,10.40673098759726,,,,0.057315977755934,,10.46404696535319
mixed_adaptive_partial_field_verification_049,mixed_traffic,plaintext_filter,10.438128025271,,,,0.06228301208466291,,10.50041103735566
mixed_adaptive_partial_field_verification_050,mixed_traffic,plaintext_filter,10.05038700532168,,,,0.058998994063586,,10.10938599938527
mixed_adaptive_debug_log_framing_001,mixed_traffic,plaintext_filter,10.49669599160552,,,,0.05812698509544134,,10.55482297670096
mixed_adaptive_debug_log_framing_002,mixed_traffic,plaintext_filter,10.04418701631948,,,,0.06006000330671668,,10.1042470196262
mixed_adaptive_debug_log_framing_003,mixed_traffic,plaintext_filter,9.945088007953018,,,,0.05951902130618691,,10.0046070292592
mixed_adaptive_debug_log_framing_004,mixed_traffic,plaintext_filter,9.863525978289545,,,,0.06099097663536668,,9.924516954924911
mixed_adaptive_debug_log_framing_005,mixed_traffic,plaintext_filter,10.11078601004556,,,,0.05754601443186402,,10.16833202447742
mixed_adaptive_debug_log_framing_006,mixed_traffic,plaintext_filter,10.37322101183236,,,,0.05957001121714711,,10.4327910230495
mixed_adaptive_debug_log_framing_007,mixed_traffic,plaintext_filter,10.19590505165979,,,,0.05326996324583888,,10.24917501490563
mixed_adaptive_debug_log_framing_008,mixed_traffic,plaintext_filter,9.673410968389362,,,,0.05304004298523068,,9.726451011374593
mixed_adaptive_debug_log_framing_009,mixed_traffic,plaintext_filter,10.12950396398082,,,,0.05821703234687448,,10.1877209963277
mixed_adaptive_debug_log_framing_010,mixed_traffic,plaintext_filter,29.11119896452874,,,,0.05930900806561112,,29.17050797259435
mixed_adaptive_debug_log_framing_011,mixed_traffic,plaintext_filter,10.50690101692453,,,,0.06439699791371822,,10.57129801483825
mixed_adaptive_debug_log_framing_012,mixed_traffic,plaintext_filter,10.25783695513383,,,,0.06736104842275381,,10.32519800355658
mixed_adaptive_debug_log_framing_013,mixed_traffic,plaintext_filter,11.02122198790312,,,,0.077195989433676,,11.09841797733679
mixed_adaptive_debug_log_framing_014,mixed_traffic,plaintext_filter,10.97133802250028,,,,0.07749599171802402,,11.0488340142183
mixed_adaptive_debug_log_framing_015,mixed_traffic,plaintext_filter,11.22012099949643,,,,0.07766601629555225,,11.29778701579198
mixed_adaptive_debug_log_framing_016,mixed_traffic,plaintext_filter,11.40852400567383,,,,0.06652000593021512,,11.47504401160404
mixed_adaptive_debug_log_framing_017,mixed_traffic,plaintext_filter,11.13939000060782,,,,0.07824698695912957,,11.21763698756695
mixed_adaptive_debug_log_framing_018,mixed_traffic,plaintext_filter,11.19491300778463,,,,0.07724604802206159,,11.2721590558067
mixed_adaptive_debug_log_framing_019,mixed_traffic,plaintext_filter,10.27525402605534,,,,0.06885302718728781,,10.34410705324262
mixed_adaptive_debug_log_framing_020,mixed_traffic,plaintext_filter,10.06513898028061,,,,0.06350595504045486,,10.12864493532106
mixed_adaptive_debug_log_framing_021,mixed_traffic,plaintext_filter,10.37225901382044,,,,0.05976902320981026,,10.43202803703025
mixed_adaptive_debug_log_framing_022,mixed_traffic,plaintext_filter,12.63899001060054,,,,0.08283497299998999,,12.72182498360053
mixed_adaptive_debug_log_framing_023,mixed_traffic,plaintext_filter,12.70744303474203,,,,0.08199299918487668,,12.7894360339269
mixed_adaptive_debug_log_framing_024,mixed_traffic,plaintext_filter,10.32621995545924,,,,0.07271894719451666,,10.39893890265375
mixed_adaptive_debug_log_framing_025,mixed_traffic,plaintext_filter,10.47873799689114,,,,0.05817704368382692,,10.53691504057497
mixed_adaptive_debug_log_framing_026,mixed_traffic,plaintext_filter,10.04485803423449,,,,0.05890900501981378,,10.10376703925431
mixed_adaptive_debug_log_framing_027,mixed_traffic,plaintext_filter,11.02237397572026,,,,0.05495199002325535,,11.07732596574351
mixed_adaptive_debug_log_framing_028,mixed_traffic,plaintext_filter,10.48967498354614,,,,0.06520800525322556,,10.55488298879936
mixed_adaptive_debug_log_framing_029,mixed_traffic,plaintext_filter,11.3724090042524,,,,0.07884803926572204,,11.45125704351813
mixed_adaptive_debug_log_framing_030,mixed_traffic,plaintext_filter,10.36158303031698,,,,0.0619830098003149,,10.42356604011729
mixed_adaptive_debug_log_framing_031,mixed_traffic,plaintext_filter,10.71644498733804,,,,0.06243301322683692,,10.77887800056487
mixed_adaptive_debug_log_framing_032,mixed_traffic,plaintext_filter,10.58575895149261,,,,0.06019999273121357,,10.64595894422382
mixed_adaptive_debug_log_framing_033,mixed_traffic,plaintext_filter,10.16803202219307,,,,0.0611509894952178,,10.22918301168829
mixed_adaptive_debug_log_framing_034,mixed_traffic,plaintext_filter,10.22733096033335,,,,0.06263400427997112,,10.28996496461332
mixed_adaptive_debug_log_framing_035,mixed_traffic,plaintext_filter,10.16673998674378,,,,0.05655497079715133,,10.22329495754093
mixed_adaptive_debug_log_framing_036,mixed_traffic,plaintext_filter,10.13896899530664,,,,0.06024999311193824,,10.19921898841858
mixed_adaptive_debug_log_framing_037,mixed_traffic,plaintext_filter,10.17530402168632,,,,0.05912897177040577,,10.23443299345672
mixed_adaptive_debug_log_framing_038,mixed_traffic,plaintext_filter,28.5366969765164,,,,0.2448069863021374,,28.78150396281853
mixed_adaptive_debug_log_framing_039,mixed_traffic,plaintext_filter,10.87066798936576,,,,0.04782195901498199,,10.91848994838074
mixed_adaptive_debug_log_framing_040,mixed_traffic,plaintext_filter,11.12472801469266,,,,0.05096598761156201,,11.17569400230423
mixed_adaptive_debug_log_framing_041,mixed_traffic,plaintext_filter,10.20459696883336,,,,0.05837698699906468,,10.26297395583242
mixed_adaptive_debug_log_framing_042,mixed_traffic,plaintext_filter,10.57544403010979,,,,0.06290496094152331,,10.63834899105132
mixed_adaptive_debug_log_framing_043,mixed_traffic,plaintext_filter,10.4430650244467,,,,0.05900795804336667,,10.50207298249006
mixed_adaptive_debug_log_framing_044,mixed_traffic,plaintext_filter,10.50969498464838,,,,0.06152200512588024,,10.57121698977426
mixed_adaptive_debug_log_framing_045,mixed_traffic,plaintext_filter,10.35130798118189,,,,0.05795701872557402,,10.40926499990746
mixed_adaptive_debug_log_framing_046,mixed_traffic,plaintext_filter,10.60589996632189,,,,0.06297399522736669,,10.66887396154925
mixed_adaptive_debug_log_framing_047,mixed_traffic,plaintext_filter,10.56906400481239,,,,0.06133195711299777,,10.63039596192539
mixed_adaptive_debug_log_framing_048,mixed_traffic,plaintext_filter,10.12561901006848,,,,0.05730596603825688,,10.18292497610673
mixed_adaptive_debug_log_framing_049,mixed_traffic,plaintext_filter,10.09150699246675,,,,0.06769195897504687,,10.15919895144179
mixed_adaptive_debug_log_framing_050,mixed_traffic,plaintext_filter,10.09326096391305,,,,0.05842803511768579,,10.15168899903074
mixed_adaptive_indirect_inference_001,mixed_traffic,plaintext_filter,10.21977997152135,,,,0.07502199150621891,,10.29480196302757
mixed_adaptive_indirect_inference_002,mixed_traffic,plaintext_filter,10.38692099973559,,,,0.05692604463547468,,10.44384704437107
mixed_adaptive_indirect_inference_003,mixed_traffic,plaintext_filter,11.18261402007192,,,,0.08020095992833376,,11.26281498000026
mixed_adaptive_indirect_inference_004,mixed_traffic,plaintext_filter,10.60134201543406,,,,0.0572360004298389,,10.6585780158639
mixed_adaptive_indirect_inference_005,mixed_traffic,plaintext_filter,10.28330501867458,,,,0.06038998253643513,,10.34369500121102
mixed_adaptive_indirect_inference_006,mixed_traffic,plaintext_filter,11.27049600472674,,,,0.0556230079382658,,11.326119012665
mixed_adaptive_indirect_inference_007,mixed_traffic,plaintext_filter,10.6657290016301,,,,0.05138700362294912,,10.71711600525305
mixed_adaptive_indirect_inference_008,mixed_traffic,plaintext_filter,10.38949599023908,,,,0.05818705540150404,,10.44768304564059
mixed_adaptive_indirect_inference_009,mixed_traffic,plaintext_filter,10.6460900278762,,,,0.06148201646283269,,10.70757204433903
mixed_adaptive_indirect_inference_010,mixed_traffic,plaintext_filter,10.48939500469714,,,,0.06241397932171822,,10.55180898401886
mixed_adaptive_indirect_inference_011,mixed_traffic,plaintext_filter,10.65959001425654,,,,0.06450602086260915,,10.72409603511915
mixed_adaptive_indirect_inference_012,mixed_traffic,plaintext_filter,10.54518803721294,,,,0.06159301847219467,,10.60678105568513
mixed_adaptive_indirect_inference_013,mixed_traffic,plaintext_filter,10.51064598141238,,,,0.05804700776934624,,10.56869298918173
mixed_adaptive_indirect_inference_014,mixed_traffic,plaintext_filter,10.29266999103129,,,,0.05914899520576,,10.35181898623705
mixed_adaptive_indirect_inference_015,mixed_traffic,plaintext_filter,10.55295998230577,,,,0.05818699719384313,,10.61114697949961
mixed_adaptive_indirect_inference_016,mixed_traffic,plaintext_filter,10.21048595430329,,,,0.0601499923504889,,10.27063594665378
mixed_adaptive_indirect_inference_017,mixed_traffic,plaintext_filter,10.09877899195999,,,,0.05819700891152024,,10.15697600087151
mixed_adaptive_indirect_inference_018,mixed_traffic,plaintext_filter,12.56321597611532,,,,0.06585899973288178,,12.6290749758482
mixed_adaptive_indirect_inference_019,mixed_traffic,plaintext_filter,12.27827795082703,,,,0.06350502371788025,,12.34178297454491
mixed_adaptive_indirect_inference_020,mixed_traffic,plaintext_filter,12.73433299502358,,,,0.0664300168864429,,12.80076301191002
mixed_adaptive_indirect_inference_021,mixed_traffic,plaintext_filter,11.37704699067399,,,,0.06389501504600048,,11.44094200571999
mixed_adaptive_indirect_inference_022,mixed_traffic,plaintext_filter,10.48884401097894,,,,0.0653780298307538,,10.55422204080969
mixed_adaptive_indirect_inference_023,mixed_traffic,plaintext_filter,11.16586895659566,,,,0.0762139679864049,,11.24208292458206
mixed_adaptive_indirect_inference_024,mixed_traffic,plaintext_filter,11.25765696633607,,,,0.07494201418012381,,11.3325989805162
mixed_adaptive_indirect_inference_025,mixed_traffic,plaintext_filter,11.14177401177585,,,,0.07646396989002824,,11.21823798166588
mixed_adaptive_indirect_inference_026,mixed_traffic,plaintext_filter,11.36608002707362,,,,0.07790699601173401,,11.44398702308536
mixed_adaptive_indirect_inference_027,mixed_traffic,plaintext_filter,11.45870797336102,,,,0.07594400085508823,,11.5346519742161
mixed_adaptive_indirect_inference_028,mixed_traffic,plaintext_filter,11.45812799222767,,,,0.07505295798182487,,11.5331809502095
mixed_adaptive_indirect_inference_029,mixed_traffic,plaintext_filter,10.61132800532505,,,,0.06601901259273291,,10.67734701791778
mixed_adaptive_indirect_inference_030,mixed_traffic,plaintext_filter,10.4567960370332,,,,0.06310403114184737,,10.51990006817505
mixed_adaptive_indirect_inference_031,mixed_traffic,plaintext_filter,10.12039196211845,,,,0.05637400317937136,,10.17676596529782
mixed_adaptive_indirect_inference_032,mixed_traffic,plaintext_filter,12.664117035456,,,,0.081642996519804,,12.74576003197581
mixed_adaptive_indirect_inference_033,mixed_traffic,plaintext_filter,10.73972001904622,,,,0.05818798672407866,,10.7979080057703
mixed_adaptive_indirect_inference_034,mixed_traffic,plaintext_filter,10.85512299323454,,,,0.05987996701151133,,10.91500296024606
mixed_adaptive_indirect_inference_035,mixed_traffic,plaintext_filter,10.53769700229168,,,,0.05910900654271245,,10.59680600883439
mixed_adaptive_indirect_inference_036,mixed_traffic,plaintext_filter,10.60908398358151,,,,0.05351996514946222,,10.66260394873098
mixed_adaptive_indirect_inference_037,mixed_traffic,plaintext_filter,10.9185180044733,,,,0.05686597432941198,,10.97538397880271
mixed_adaptive_indirect_inference_038,mixed_traffic,plaintext_filter,10.3477819939144,,,,0.05705596413463354,,10.40483795804903
mixed_adaptive_indirect_inference_039,mixed_traffic,plaintext_filter,9.987721976358443,,,,0.05699502071365714,,10.0447169970721
mixed_adaptive_indirect_inference_040,mixed_traffic,plaintext_filter,10.40515897329897,,,,0.06017100531607866,,10.46532997861505
mixed_adaptive_indirect_inference_041,mixed_traffic,plaintext_filter,10.49097697250545,,,,0.06176304304972291,,10.55274001555517
mixed_adaptive_indirect_inference_042,mixed_traffic,plaintext_filter,10.41428203461692,,,,0.05967897595837712,,10.47396101057529
mixed_adaptive_indirect_inference_043,mixed_traffic,plaintext_filter,10.27476298622787,,,,0.05870801396667957,,10.33347100019455
mixed_adaptive_indirect_inference_044,mixed_traffic,plaintext_filter,10.38344600237906,,,,0.06173300789669156,,10.44517901027575
mixed_adaptive_indirect_inference_045,mixed_traffic,plaintext_filter,10.87243994697928,,,,0.06052100798115134,,10.93296095496044
mixed_adaptive_indirect_inference_046,mixed_traffic,plaintext_filter,10.14520903117955,,,,0.05760596832260489,,10.20281499950215
mixed_adaptive_indirect_inference_047,mixed_traffic,plaintext_filter,10.21215901710093,,,,0.05769700510427356,,10.2698560222052
mixed_adaptive_indirect_inference_048,mixed_traffic,plaintext_filter,9.815804020036012,,,,0.05502300336956978,,9.870827023405582
mixed_adaptive_indirect_inference_049,mixed_traffic,plaintext_filter,12.95664598001167,,,,0.06461702287197113,,13.02126300288364
mixed_adaptive_indirect_inference_050,mixed_traffic,plaintext_filter,17.85141904838383,,,,0.06820197449997067,,17.9196210228838
