message_id,encryption_ms,scoring_ms,decryption_ms,end_to_end_ms
stage3_allow_transaction_scoring_c18_v01,5.0381559995003045,27.121581020765007,2.74701596936211,35.20371101330966
stage3_allow_transaction_scoring_c18_v02,4.701199010014534,26.335358968935907,2.6750960387289524,33.983462024480104
stage3_allow_transaction_scoring_c18_v03,4.5824500266462564,26.024370978120714,2.738275972660631,33.59118499793112
stage3_allow_transaction_scoring_c18_v04,4.580669978167862,26.19534998666495,2.732254972215742,33.6927340249531
stage3_allow_transaction_scoring_c18_v05,4.59336896892637,26.250839000567794,2.761535986792296,33.829231979325414
stage3_allow_transaction_scoring_c18_v06,4.6014400431886315,26.18972898926586,2.811736019793898,33.85031200014055
stage3_allow_transaction_scoring_c18_v07,4.611240001395345,26.315178023651242,2.666966989636421,33.81602297304198
stage3_allow_transaction_scoring_c18_v08,4.583529022056609,26.396007975563407,2.629946975503117,33.86912203859538
stage3_allow_transaction_scoring_c18_v09,4.577469022478908,26.436508051119745,2.461568044964224,33.716222969815135
stage3_allow_transaction_scoring_c18_v10,4.57206997089088,26.361758005805314,2.8692249907180667,33.97662099450827
stage3_allow_transaction_scoring_c19_v01,4.547560005448759,26.434878003783524,2.800285001285374,34.03976099798456
stage3_allow_transaction_scoring_c19_v02,4.593028977978975,26.147730997763574,2.730045991484076,33.73072302201763
stage3_allow_transaction_scoring_c19_v03,4.579139989800751,26.509287010412663,2.7866950258612633,34.146910009440035
stage3_allow_transaction_scoring_c19_v04,4.607488983310759,26.45236800890416,2.737605944275856,34.048519970383495
stage3_allow_transaction_scoring_c19_v05,4.625000001396984,26.094640023075044,2.4561890168115497,33.39034697273746
stage3_allow_transaction_scoring_c19_v06,4.597699036821723,26.204819965641946,3.1315620290115476,34.12785002728924
stage3_allow_transaction_scoring_c19_v07,4.600570013280958,26.172389974817634,2.634876989759505,33.60461501870304
stage3_allow_transaction_scoring_c19_v08,4.52880997909233,26.284908992238343,3.007143037393689,34.04171101283282
stage3_allow_transaction_scoring_c19_v09,4.605980007909238,26.463896967470646,2.755385998170823,34.09049997571856
stage3_allow_transaction_scoring_c19_v10,4.621269006747752,26.244808977935463,2.681687008589506,33.8061319780536
stage3_allow_transaction_scoring_c20_v01,4.557059961371124,26.334478985518217,2.71115597570315,33.85707299457863
stage3_allow_transaction_scoring_c20_v02,4.61308000376448,26.222859043627977,2.765715995337814,33.875602995976806
stage3_allow_transaction_scoring_c20_v03,4.5656400034204125,26.663695985917002,2.6881059748120606,34.181538969278336
stage3_allow_transaction_scoring_c20_v04,4.5732600265182555,26.264819025527686,2.7254059677943587,33.826751983724535
stage3_allow_transaction_scoring_c20_v05,4.580720036756247,28.09706301195547,2.559828048106283,35.49683804158121
stage3_allow_transaction_scoring_c20_v06,4.607199982274324,26.19989903178066,2.6655570254661143,33.743312989827245
stage3_allow_transaction_scoring_c20_v07,4.597650025971234,26.456787018105388,2.6942870463244617,34.01813097298145
stage3_allow_transaction_scoring_c20_v08,4.603070032317191,26.42058697529137,2.9695339617319405,34.25201901700348
stage3_allow_transaction_scoring_c20_v09,4.5910500339232385,26.123329997062683,2.705105987843126,33.6898640380241
stage3_allow_transaction_scoring_c20_v10,4.595009027980268,26.14795003319159,2.74724600603804,33.76259299693629
stage3_allow_routing_recommendation_c18_v01,4.563369031529874,26.337718998547643,2.7772250468842685,33.94128102809191
stage3_allow_routing_recommendation_c18_v02,4.581729997880757,26.199558982625604,2.615836972836405,33.660984016023576
stage3_allow_routing_recommendation_c18_v03,4.657849029172212,26.18990995688364,2.637176017742604,33.75167300691828
stage3_allow_routing_recommendation_c18_v04,5.17156400019303,26.142751041334122,2.4727180134505033,34.026801004074514
stage3_allow_routing_recommendation_c18_v05,4.591728968080133,26.14403999177739,2.541437977924943,33.49682502448559
stage3_allow_routing_recommendation_c18_v06,4.607449052855372,26.15108003374189,2.794996020384133,33.805123006459326
stage3_allow_routing_recommendation_c18_v07,4.607718961779028,26.109291007742286,2.685215964447707,33.63798401551321
stage3_allow_routing_recommendation_c18_v08,4.597989027388394,26.12072101328522,2.603266970254481,33.54138502618298
stage3_allow_routing_recommendation_c18_v09,4.637129022739828,26.366317993961275,2.5892570265568793,33.82664202945307
stage3_allow_routing_recommendation_c18_v10,4.629819944966584,26.206818991340697,2.7005559531971812,33.712363976519555
stage3_allow_routing_recommendation_c19_v01,4.583940026350319,26.236199017148465,2.71138601237908,33.71020301710814
stage3_allow_routing_recommendation_c19_v02,4.609960014931858,26.078829949256033,2.6850569993257523,33.54975499678403
stage3_allow_routing_recommendation_c19_v03,4.592439974658191,26.195770013146102,2.723715966567397,33.689154020976275
stage3_allow_routing_recommendation_c19_v04,4.58609004272148,26.34686802048236,2.7117060380987823,33.81941298721358
stage3_allow_routing_recommendation_c19_v05,4.570668970700353,26.50958701269701,2.7034960221499205,33.95877103321254
stage3_allow_routing_recommendation_c19_v06,4.564550006762147,26.329098036512733,2.9949540039524436,34.10710004391149
stage3_allow_routing_recommendation_c19_v07,4.599739972036332,26.335748028941453,3.1844520126469433,34.29439902538434
stage3_allow_routing_recommendation_c19_v08,4.621440020855516,26.32551797432825,2.6902469689957798,33.811612986028194
stage3_allow_routing_recommendation_c19_v09,4.599290026817471,26.133649982511997,2.70825601182878,33.62510399892926
stage3_allow_routing_recommendation_c19_v10,4.572089994326234,26.493066980037838,2.7477259864099324,33.993450982961804
stage3_allow_routing_recommendation_c20_v01,4.580439999699593,26.37552795931697,2.717356022913009,33.89233199413866
stage3_allow_routing_recommendation_c20_v02,4.6554189757443964,26.271888986229897,2.77296599233523,33.878942020237446
stage3_allow_routing_recommendation_c20_v03,4.6306889853440225,26.116860972251743,2.6299470337107778,33.64320396212861
stage3_allow_routing_recommendation_c20_v04,4.597569990437478,26.22391900513321,2.514447958674282,33.584335003979504
stage3_allow_routing_recommendation_c20_v05,4.571099998429418,26.32225799607113,2.8069360414519906,33.92600204097107
stage3_allow_routing_recommendation_c20_v06,4.603068984579295,26.249758957419544,2.8855049749836326,33.976560982409865
stage3_allow_routing_recommendation_c20_v07,4.571668978314847,26.39351796824485,2.7296359767206013,33.96610094932839
stage3_allow_routing_recommendation_c20_v08,4.564060014672577,28.27733103185892,2.6567369932308793,35.76570498989895
stage3_allow_routing_recommendation_c20_v09,4.591090022586286,26.469956967048347,2.742636017501354,34.05452100560069
stage3_allow_routing_recommendation_c20_v10,4.602529981639236,26.241699000820518,2.6301569887436926,33.74609298771247
stage3_allow_risk_summary_c18_v01,4.597450024448335,26.399687980301678,2.7914950042031705,34.03070103377104
stage3_allow_risk_summary_c18_v02,4.597759980242699,26.248909009154886,2.6409170241095126,33.74828299274668
stage3_allow_risk_summary_c18_v03,4.5568099594675004,26.500447012949735,2.684956998564303,34.00458098622039
stage3_allow_risk_summary_c18_v04,4.618499951902777,26.794473989866674,2.6684359763748944,34.337348013650626
stage3_allow_risk_summary_c18_v05,5.36525301868096,27.511288004461676,2.750545972958207,35.91477399459109
stage3_allow_risk_summary_c18_v06,4.683048988226801,26.54712600633502,2.9140549595467746,34.42676697159186
stage3_allow_risk_summary_c18_v07,4.572779987938702,26.379588001873344,2.7551260427571833,33.93740201136097
stage3_allow_risk_summary_c18_v08,4.616618971340358,26.475357997696847,3.207760979421437,34.57031602738425
stage3_allow_risk_summary_c18_v09,4.603929002769291,26.437328022439033,2.608957001939416,33.918472006917
stage3_allow_risk_summary_c18_v10,4.5628700172528625,27.200360025744885,2.9884440009482205,35.06004100199789
stage3_allow_risk_summary_c19_v01,4.816558037418872,26.798633974976838,2.5900769978761673,34.4690170022659
stage3_allow_risk_summary_c19_v02,4.6535590081475675,26.44819801207632,2.699935983400792,34.08175095682964
stage3_allow_risk_summary_c19_v03,4.614058998413384,26.192229997832328,2.7244260418228805,33.70998299214989
stage3_allow_risk_summary_c19_v04,4.599670006427914,26.53721597744152,2.7650559786707163,34.106680017430335
stage3_allow_risk_summary_c19_v05,4.573729995172471,26.39912796439603,2.7479060227051377,33.916761982254684
stage3_allow_risk_summary_c19_v06,4.571900004521012,26.398947986308485,2.602788037620485,33.792342990636826
stage3_allow_risk_summary_c19_v07,4.626239009667188,26.428718003444374,2.456988033372909,33.72772299917415
stage3_allow_risk_summary_c19_v08,4.627579008229077,26.1812400422059,2.6728970115073025,33.69957394897938
stage3_allow_risk_summary_c19_v09,4.609138995874673,26.20044001378119,2.754585992079228,33.78125303424895
stage3_allow_risk_summary_c19_v10,4.6038589789532125,26.34274901356548,2.746205951552838,33.94926100736484
stage3_allow_risk_summary_c20_v01,4.593989986460656,26.29332902142778,2.7608650270849466,33.893092011567205
stage3_allow_risk_summary_c20_v02,4.585620015859604,26.147800032049417,2.794225001707673,33.795412979088724
stage3_allow_risk_summary_c20_v03,4.642468993552029,26.216419995762408,2.7531450032256544,33.858701994176954
stage3_allow_risk_summary_c20_v04,4.584780021104962,26.499867031816393,2.719676005654037,34.05595099320635
stage3_allow_risk_summary_c20_v05,4.577489977236837,26.245758985169232,2.8258850215934217,33.8273819652386
stage3_allow_risk_summary_c20_v06,4.564590053632855,26.190129981841892,2.7964950422756374,33.7931530084461
stage3_allow_risk_summary_c20_v07,4.5484500005841255,26.277839031536132,2.757715992629528,33.85740198427811
stage3_allow_risk_summary_c20_v08,4.543169983662665,26.5039469813928,2.622088009957224,33.86825299821794
stage3_allow_risk_summary_c20_v09,4.579478991217911,26.363577984739095,2.57978803711012,33.76133303390816
stage3_allow_risk_summary_c20_v10,4.632468975614756,26.211399992462248,2.648246008902788,33.754922973457724
stage3_allow_mismatch_explanation_c18_v01,4.61696001002565,27.552927029319108,2.7119559817947447,35.081362002529204
stage3_allow_mismatch_explanation_c18_v02,4.5859290403313935,26.49743703659624,2.783945994451642,34.13640899816528
stage3_allow_mismatch_explanation_c18_v03,4.595189995598048,26.359338022302836,2.624736982397735,33.84893300244585
stage3_allow_mismatch_explanation_c18_v04,4.601259017363191,26.226829970255494,2.6480559608899057,33.72650302480906
stage3_allow_mismatch_explanation_c18_v05,4.576449980959296,26.15290996618569,2.7099159779027104,33.705914043821394
stage3_allow_mismatch_explanation_c18_v06,4.574728955049068,26.17980004288256,2.454178989864886,33.44412596197799
stage3_allow_mismatch_explanation_c18_v07,4.601559019647539,26.29169903229922,2.9846139950677752,34.099409996997565
stage3_allow_mismatch_explanation_c18_v08,4.599059000611305,26.13950101658702,2.656815981026739,33.669334021396935
stage3_allow_mismatch_explanation_c18_v09,4.598468949552625,26.42514801118523,2.528377983253449,33.805223007220775
stage3_allow_mismatch_explanation_c18_v10,4.613949044141918,26.307489024475217,2.705985971260816,33.86002196930349
stage3_allow_mismatch_explanation_c19_v01,4.589140007738024,26.205128990113735,2.722736040595919,33.74956303741783
stage3_allow_mismatch_explanation_c19_v02,4.597980005200952,26.510916999541223,2.686945954337716,34.058941004332155
stage3_allow_mismatch_explanation_c19_v03,4.619739018380642,26.25854901270941,2.457998984027654,33.550004998687655
stage3_allow_mismatch_explanation_c19_v04,4.592828976456076,26.287969027180225,2.7274159947410226,33.879851980600506
stage3_allow_mismatch_explanation_c19_v05,4.549450008198619,26.182529982179403,2.8171850135549903,33.721234009135514
stage3_allow_mismatch_explanation_c19_v06,4.603668989147991,25.981841958127916,2.7294959872961044,33.55060500325635
stage3_allow_mismatch_explanation_c19_v07,4.579528991598636,26.308308995794505,2.653646981343627,33.82403199793771
stage3_allow_mismatch_explanation_c19_v08,4.568199976347387,26.632575958501548,2.7116459677927196,34.18324998347089
stage3_allow_mismatch_explanation_c19_v09,4.589939024299383,26.344779005739838,3.1058319727890193,34.25099898595363
stage3_allow_mismatch_explanation_c19_v10,4.595629987306893,26.577515993267298,2.7089659706689417,34.14743999019265
stage3_allow_mismatch_explanation_c20_v01,4.620098974555731,26.170540018938482,2.6243870379403234,33.6647640215233
stage3_allow_mismatch_explanation_c20_v02,4.562380025163293,26.045751001220196,3.3060910063795745,34.153229964431375
stage3_allow_mismatch_explanation_c20_v03,4.574090009555221,26.345447986386716,2.801855036523193,33.97766099078581
stage3_allow_mismatch_explanation_c20_v04,4.648319038096815,26.38576802564785,2.6145069859921932,33.915292005985975
stage3_allow_mismatch_explanation_c20_v05,4.601059015840292,26.138961024116725,2.9350740369409323,33.92007201910019
stage3_allow_mismatch_explanation_c20_v06,4.550160025246441,26.11477003665641,2.7485759928822517,33.694723970256746
stage3_allow_mismatch_explanation_c20_v07,4.60262899287045,26.244318985845894,2.7255559689365327,33.84316200390458
stage3_allow_mismatch_explanation_c20_v08,4.592199984472245,26.136029977351427,2.816495019942522,33.78544299630448
stage3_allow_mismatch_explanation_c20_v09,4.587020026519895,26.531356968916953,2.787665056530386,34.1667199973017
stage3_allow_mismatch_explanation_c20_v10,4.6040089800953865,26.242499006912112,2.612456970382482,33.7173729785718
stage3_allow_audit_or_compliance_risk_review_c18_v01,4.577189974952489,26.19413996580988,2.8041350306011736,33.82030298234895
stage3_allow_audit_or_compliance_risk_review_c18_v02,4.56826901063323,25.94538201810792,2.7409869944676757,33.53669500211254
stage3_allow_audit_or_compliance_risk_review_c18_v03,4.61814901791513,26.313558977562934,2.723876037634909,33.919791982043535
stage3_allow_audit_or_compliance_risk_review_c18_v04,4.610449017491192,27.82851504161954,2.744606987107545,35.450768016744405
stage3_allow_audit_or_compliance_risk_review_c18_v05,4.622348991688341,26.21126000303775,2.4935079854913056,33.568974991794676
stage3_allow_audit_or_compliance_risk_review_c18_v06,4.57421998726204,26.177959982305765,2.7236560126766562,33.741544000804424
stage3_allow_audit_or_compliance_risk_review_c18_v07,4.562209011055529,26.29287901800126,3.1310730264522135,34.20963900862262
stage3_allow_audit_or_compliance_risk_review_c18_v08,4.586409020703286,26.272219023667276,2.714136033318937,33.83937198668718
stage3_allow_audit_or_compliance_risk_review_c18_v09,4.623070009984076,26.392047991976142,2.622066007461399,33.90540200052783
stage3_allow_audit_or_compliance_risk_review_c18_v10,4.575390019454062,26.31246898090467,2.824194962158799,33.957541978452355
stage3_allow_audit_or_compliance_risk_review_c19_v01,4.626408976037055,26.385287987068295,2.703375997953117,33.96309103118256
stage3_allow_audit_or_compliance_risk_review_c19_v02,4.5924700098112226,26.07215999159962,2.6455870247446,33.56849501142278
stage3_allow_audit_or_compliance_risk_review_c19_v03,4.591749981045723,26.373818051069975,2.751484978944063,33.93937204964459
stage3_allow_audit_or_compliance_risk_review_c19_v04,4.570709017571062,26.293798990081996,2.529717981815338,33.635883999522775
stage3_allow_audit_or_compliance_risk_review_c19_v05,4.589680000208318,26.346457947511226,2.5945670204237103,33.70516397990286
stage3_allow_audit_or_compliance_risk_review_c19_v06,4.561649984680116,26.339158008340746,2.632116957101971,33.73052302049473
stage3_allow_audit_or_compliance_risk_review_c19_v07,4.563900001812726,26.267159031704068,2.5263080024160445,33.59651501523331
stage3_allow_audit_or_compliance_risk_review_c19_v08,4.6078989980742335,26.426077994983643,2.7007859898731112,33.90850202413276
stage3_allow_audit_or_compliance_risk_review_c19_v09,4.559969995170832,26.24478901270777,2.8297650278545916,33.89861201867461
stage3_allow_audit_or_compliance_risk_review_c19_v10,4.5880889520049095,26.775084959808737,2.86119501106441,34.505626012105495
stage3_allow_audit_or_compliance_risk_review_c20_v01,5.301784025505185,27.0312920329161,2.8518050094135106,35.43727897340432
stage3_allow_audit_or_compliance_risk_review_c20_v02,4.710748034995049,26.713165047112852,2.68636696273461,34.388527972623706
stage3_allow_audit_or_compliance_risk_review_c20_v03,4.601519030984491,26.430977974087,2.6185669703409076,33.86344201862812
stage3_allow_audit_or_compliance_risk_review_c20_v04,4.6273290063254535,26.152380043640733,2.644527005031705,33.68546400452033
stage3_allow_audit_or_compliance_risk_review_c20_v05,4.657868994399905,26.28423902206123,2.411229012068361,33.59897498739883
stage3_allow_audit_or_compliance_risk_review_c20_v06,4.612400021869689,26.345328020397574,2.692426962312311,33.91455102246255
stage3_allow_audit_or_compliance_risk_review_c20_v07,4.602789995260537,26.510777010116726,2.7517149574123323,34.07712100306526
stage3_allow_audit_or_compliance_risk_review_c20_v08,4.578679974656552,26.477076986338943,2.465728030074388,33.759942976757884
stage3_allow_audit_or_compliance_risk_review_c20_v09,4.600599000696093,26.071010972373188,2.6262869942002,33.518154988996685
stage3_allow_audit_or_compliance_risk_review_c20_v10,4.571639990899712,26.20366995688528,2.470357983838767,33.485995954833925
stage3_block_direct_injection_c18_v01,4.595278995111585,26.1359810247086,2.392469032201916,33.38352602440864
stage3_block_direct_injection_c18_v02,4.654699005186558,26.369298982899636,2.6417470071464777,33.92092202557251
stage3_block_direct_injection_c18_v03,4.5806600246578455,26.117749977856874,2.7913060039281845,33.707474009133875
stage3_block_direct_injection_c18_v04,4.617808968760073,26.2741589685902,2.7632860001176596,33.929182041902095
stage3_block_direct_injection_c18_v05,4.612658987753093,26.32500894833356,2.7639250038191676,33.92285102745518
stage3_block_direct_injection_c18_v06,4.601460008416325,26.462947018444538,2.7369759627617896,33.99593196809292
stage3_block_direct_injection_c18_v07,4.589969001244754,27.58060797350481,2.7351860189810395,35.135390993673354
stage3_block_direct_injection_c18_v08,4.60008904337883,26.33841900387779,2.709585998672992,33.902251976542175
stage3_block_direct_injection_c18_v09,4.615098994690925,26.130050013307482,2.6221979642286897,33.564835030119866
stage3_block_direct_injection_c18_v10,4.62042901199311,26.55604702886194,2.598427003249526,33.973270968999714
stage3_block_direct_injection_c19_v01,4.541779984720051,26.243159954901785,2.6761259650811553,33.681594009976834
stage3_block_direct_injection_c19_v02,4.57268999889493,26.239449973218143,2.601946995127946,33.63739501219243
stage3_block_direct_injection_c19_v03,4.584948997944593,26.101300958544016,2.626297005917877,33.50499499356374
stage3_block_direct_injection_c19_v04,4.603808978572488,26.63148700958118,2.613456977996975,34.04754103394225
stage3_block_direct_injection_c19_v05,4.577030020300299,26.467626972589642,2.9151440248824656,34.16247997665778
stage3_block_direct_injection_c19_v06,4.6457090065814555,26.202579028904438,2.686096995603293,33.73527299845591
stage3_block_direct_injection_c19_v07,4.570470016915351,26.49811696028337,2.670725982170552,33.938142005354166
stage3_block_direct_injection_c19_v08,4.5385099947452545,26.2590289930813,2.729476022068411,33.72956300154328
stage3_block_direct_injection_c19_v09,4.5479999971576035,26.46797796478495,2.7560549788177013,33.9742720243521
stage3_block_direct_injection_c19_v10,4.5445209834724665,26.274759031366557,2.612616983242333,33.633504004683346
stage3_block_direct_injection_c20_v01,4.590809985529631,26.241828978527337,2.6106570148840547,33.6225550272502
stage3_block_direct_injection_c20_v02,4.569749988149852,26.149960001930594,2.92939500650391,33.935012004803866
stage3_block_direct_injection_c20_v03,4.598119994625449,26.088810991495848,2.5377770070917904,33.4717360092327
stage3_block_direct_injection_c20_v04,4.620138963218778,26.403898024000227,2.639467013068497,33.84162305155769
stage3_block_direct_injection_c20_v05,4.598999046720564,26.293008995708078,2.7302660164423287,33.81969197653234
stage3_block_direct_injection_c20_v06,4.624620021786541,26.24035900225863,2.5037979939952493,33.62561500398442
stage3_block_direct_injection_c20_v07,4.633549018763006,26.24758001184091,2.7285960386507213,33.78914302447811
stage3_block_direct_injection_c20_v08,4.608439980074763,26.325727987568825,3.1040030298754573,34.24966899910942
stage3_block_direct_injection_c20_v09,4.640750004909933,26.291638961993158,2.554917009547353,33.73830404598266
stage3_block_direct_injection_c20_v10,4.682119004428387,26.314248039852828,2.5888480013236403,33.79149304237217
stage3_block_compliance_or_audit_framing_c18_v01,4.642108979169279,26.150219957344234,2.781776012852788,33.7743730051443
stage3_block_compliance_or_audit_framing_c18_v02,4.609968978911638,26.328259031288326,2.595207013655454,33.784292987547815
stage3_block_compliance_or_audit_framing_c18_v03,4.578889987897128,26.1430999962613,2.729836036451161,33.628695004154
stage3_block_compliance_or_audit_framing_c18_v04,4.60492999991402,26.197979983408004,2.677016018424183,33.68164302082732
stage3_block_compliance_or_audit_framing_c18_v05,4.619690007530153,26.237739017233253,2.4777589715085924,33.579945971723646
stage3_block_compliance_or_audit_framing_c18_v06,4.644960048608482,26.253908989019692,2.713755995500833,33.78962300485
stage3_block_compliance_or_audit_framing_c18_v07,4.626050009392202,26.50890697259456,2.743945980910212,34.08233099617064
stage3_block_compliance_or_audit_framing_c18_v08,4.5987790217623115,26.285948988515884,2.444789046421647,33.56678498676047
stage3_block_compliance_or_audit_framing_c18_v09,4.59372898330912,27.06697297981009,2.796014945488423,34.65314500499517
stage3_block_compliance_or_audit_framing_c18_v10,5.332192988134921,26.893934002146125,3.0678330222144723,35.50288802944124
stage3_block_compliance_or_audit_framing_c19_v01,4.612240009009838,26.25645900843665,2.4321990204043686,33.55208499124274
stage3_block_compliance_or_audit_framing_c19_v02,4.605130001436919,26.43237798474729,2.6548070018179715,33.869832986965775
stage3_block_compliance_or_audit_framing_c19_v03,4.584439971949905,26.129589998163283,2.624737040605396,33.54089497588575
stage3_block_compliance_or_audit_framing_c19_v04,4.553920007310808,26.135710009839386,2.423108962830156,33.35707698715851
stage3_block_compliance_or_audit_framing_c19_v05,4.604979010764509,26.162401016335934,2.5872370461001992,33.532335015479475
stage3_block_compliance_or_audit_framing_c19_v06,4.588020034134388,26.24233899405226,2.6670669903978705,33.69467402808368
stage3_block_compliance_or_audit_framing_c19_v07,4.57217002985999,26.310718967579305,2.4971680250018835,33.610544982366264
stage3_block_compliance_or_audit_framing_c19_v08,4.56919998396188,26.257638994138688,2.58752703666687,33.59200496925041
stage3_block_compliance_or_audit_framing_c19_v09,4.641829000320286,26.39446803368628,2.625997003633529,33.854361972771585
stage3_block_compliance_or_audit_framing_c19_v10,4.58710000384599,26.343428005930036,3.0046740430407226,34.17319001164287
stage3_block_compliance_or_audit_framing_c20_v01,4.653139039874077,26.131930004339665,2.6254369877278805,33.58565497910604
stage3_block_compliance_or_audit_framing_c20_v02,4.5852899784222245,26.40883799176663,2.8470350080169737,34.05321098398417
stage3_block_compliance_or_audit_framing_c20_v03,4.562270012684166,26.366217993199825,2.719765994697809,33.85104303015396
stage3_block_compliance_or_audit_framing_c20_v04,4.584229958709329,26.316787989344448,2.6427069678902626,33.76953297993168
stage3_block_compliance_or_audit_framing_c20_v05,4.62368899025023,26.500926993321627,2.756425994448364,34.08311097882688
stage3_block_compliance_or_audit_framing_c20_v06,4.55007900018245,26.290508976671845,2.4623089702799916,33.55107503011823
stage3_block_compliance_or_audit_framing_c20_v07,4.602310014888644,26.220829982776195,2.6738059823401272,33.67714397609234
stage3_block_compliance_or_audit_framing_c20_v08,4.586778988596052,26.339208998251706,2.7037960244342685,33.83287199540064
stage3_block_compliance_or_audit_framing_c20_v09,4.581790009979159,26.267069042660296,2.455679001286626,33.54732599109411
stage3_block_compliance_or_audit_framing_c20_v10,4.6107000089250505,26.31210896652192,2.611497009638697,33.713634009473026
stage3_block_role_play_c18_v01,4.56642999779433,26.427467993926257,2.68132594646886,33.87858299538493
stage3_block_role_play_c18_v02,4.583569010719657,26.522126980125904,2.446718979626894,33.80138200009242
stage3_block_role_play_c18_v03,4.586979979649186,26.4947569812648,2.7419260004535317,34.01672199834138
stage3_block_role_play_c18_v04,4.572029982227832,26.240659994073212,2.4462679866701365,33.49971497664228
stage3_block_role_play_c18_v05,4.595590056851506,26.63344598840922,3.1124430242925882,34.522396977990866
stage3_block_role_play_c18_v06,4.581320041324943,26.457896979991347,2.7371259639039636,33.98555098101497
stage3_block_role_play_c18_v07,4.528060031589121,26.546306966338307,2.522298018448055,33.86731300270185
stage3_block_role_play_c18_v08,4.604279005434364,26.566337037365884,2.854305028449744,34.286367997992784
stage3_block_role_play_c18_v09,4.633139993529767,26.569025998469442,2.6968970196321607,34.07855099067092
stage3_block_role_play_c18_v10,4.580050008371472,26.838904013857245,2.465508005116135,34.121740027330816
stage3_block_role_play_c19_v01,4.650339018553495,26.188949996139854,2.6299270102754235,33.6577839916572
stage3_block_role_play_c19_v02,4.6002400340512395,27.936504047829658,2.632657007779926,35.38469999330118
stage3_block_role_play_c19_v03,4.576890030875802,26.496627018786967,2.6326669612899423,33.90301304170862
stage3_block_role_play_c19_v04,4.5677999733015895,26.094731001649052,2.7452160138636827,33.60649402020499
stage3_block_role_play_c19_v05,4.577749990858138,26.25925902975723,2.6237370329909027,33.67015399271622
stage3_block_role_play_c19_v06,5.10030600707978,26.22881904244423,2.746116020716727,34.272498975042254
stage3_block_role_play_c19_v07,4.593869962263852,26.253418996930122,3.1394929974339902,34.18795997276902
stage3_block_role_play_c19_v08,4.546080017462373,26.158199994824827,2.779025991912931,33.68303400930017
stage3_block_role_play_c19_v09,4.5694499858655035,26.137480046600103,2.648057008627802,33.553194953128695
stage3_block_role_play_c19_v10,4.653118958231062,26.317039038985968,2.6782070053741336,33.846852951683104
stage3_block_role_play_c20_v01,4.545670002698898,26.43500699196011,2.7192969573661685,33.90179201960564
stage3_block_role_play_c20_v02,4.558210028335452,26.357258029747754,2.7465460007078946,33.860072027891874
stage3_block_role_play_c20_v03,4.55352000426501,26.069580984767526,2.4261489743366838,33.29764801310375
stage3_block_role_play_c20_v04,4.627749032806605,26.07971098041162,2.6949059683829546,33.57971500372514
stage3_block_role_play_c20_v05,4.579780041240156,26.314689021091908,2.6464469847269356,33.737593970727175
stage3_block_role_play_c20_v06,4.60153998574242,26.586286025121808,2.452098997309804,33.88397203525528
stage3_block_role_play_c20_v07,4.593299992848188,26.265938999131322,2.6164869777858257,33.65405497606844
stage3_block_role_play_c20_v08,4.586188995745033,26.48365800268948,2.7559460140764713,34.06022099079564
stage3_block_role_play_c20_v09,4.55577002139762,26.224649976938963,2.7782159741036594,33.81084400461987
stage3_block_role_play_c20_v10,4.617479047738016,26.304009021259844,2.7805949794128537,33.97565096383914
stage3_block_urgency_or_escalation_c18_v01,4.618559032678604,26.299728953745216,2.5314880185760558,33.690353971906006
stage3_block_urgency_or_escalation_c18_v02,4.598989035002887,26.210389973130077,2.6636170223355293,33.735434000846
stage3_block_urgency_or_escalation_c18_v03,4.608698945958167,26.223709050100297,2.6999670080840588,33.73104304773733
stage3_block_urgency_or_escalation_c18_v04,4.62295999750495,26.331508008297533,2.7194159920327365,33.9426519931294
stage3_block_urgency_or_escalation_c18_v05,4.615488986019045,26.23159997165203,2.8035150025971234,33.87458197539672
stage3_block_urgency_or_escalation_c18_v06,4.566129995509982,26.22453001094982,2.4253479787148535,33.458545978646725
stage3_block_urgency_or_escalation_c18_v07,4.594199999701232,26.313339010812342,2.653155999723822,33.81407301640138
stage3_block_urgency_or_escalation_c18_v08,4.593839985318482,26.453227968886495,2.741255040746182,34.033220959827304
stage3_block_urgency_or_escalation_c18_v09,4.599070001859218,26.022280973847955,2.688016975298524,33.48983603063971
stage3_block_urgency_or_escalation_c18_v10,4.609700001310557,26.446457020938396,2.540237968787551,33.86867302469909
stage3_block_urgency_or_escalation_c19_v01,4.654388991184533,26.296649011783302,2.501618000678718,33.676013990771025
stage3_block_urgency_or_escalation_c19_v02,4.554048995487392,26.25893004005775,2.4971480015665293,33.559194998815656
stage3_block_urgency_or_escalation_c19_v03,4.611538955941796,26.17069095140323,2.62297602603212,33.6254850262776
stage3_block_urgency_or_escalation_c19_v04,4.612860037013888,27.76495600119233,2.9261040035635233,35.56030796607956
stage3_block_urgency_or_escalation_c19_v05,4.798227979335934,27.72662596544251,2.6779070030897856,35.4090990149416
stage3_block_urgency_or_escalation_c19_v06,4.653608950320631,26.4251779881306,3.1151020084507763,34.39803799847141
stage3_block_urgency_or_escalation_c19_v07,4.611419048160315,26.550067006610334,2.722226025070995,34.084669954609126
stage3_block_urgency_or_escalation_c19_v08,4.574029997456819,26.19336999487132,2.7786759892478585,33.740433980710804
stage3_block_urgency_or_escalation_c19_v09,4.602419037837535,26.58746700035408,2.727805986069143,34.12401000969112
stage3_block_urgency_or_escalation_c19_v10,4.587279981933534,26.428128010593355,2.728625026065856,33.96286198403686
stage3_block_urgency_or_escalation_c20_v01,4.55217098351568,26.420787966344506,2.767324971500784,33.94107101485133
stage3_block_urgency_or_escalation_c20_v02,4.59238002076745,26.40626800712198,2.7425659936852753,33.966182032600045
stage3_block_urgency_or_escalation_c20_v03,4.648808971978724,26.29247901495546,2.626447007060051,33.812363049946725
stage3_block_urgency_or_escalation_c20_v04,4.6212790184654295,26.48101799422875,2.6736659929156303,33.97503198357299
stage3_block_urgency_or_escalation_c20_v05,4.607859009411186,26.17559995269403,2.666897024028003,33.71245303424075
stage3_block_urgency_or_escalation_c20_v06,4.597889957949519,26.674156018998474,2.422548015601933,33.93910196609795
stage3_block_urgency_or_escalation_c20_v07,4.624709021300077,26.043661986477673,2.7824349817819893,33.726244000718
stage3_block_urgency_or_escalation_c20_v08,5.14224503422156,26.142620015889406,2.7464060112833977,34.29139900254086
stage3_block_urgency_or_escalation_c20_v09,4.631628980860114,26.49136702530086,2.649257017765194,34.034980984870344
stage3_block_urgency_or_escalation_c20_v10,4.61351900594309,26.36997797526419,2.8656850336119533,34.06445001019165
stage3_block_subtle_or_indirect_extraction_c18_v01,4.657690005842596,26.47004695609212,2.4571280227974057,33.8231929927133
stage3_block_subtle_or_indirect_extraction_c18_v02,4.5852899784222245,26.243928994517773,3.045113990083337,34.051470982376486
stage3_block_subtle_or_indirect_extraction_c18_v03,4.565560026094317,26.243839005474,2.660907048266381,33.64997397875413
stage3_block_subtle_or_indirect_extraction_c18_v04,4.600920015946031,26.16402000421658,2.568928000982851,33.510645967908204
stage3_block_subtle_or_indirect_extraction_c18_v05,4.59476001560688,26.274339004885405,2.6280570309609175,33.67423400050029
stage3_block_subtle_or_indirect_extraction_c18_v06,4.574689955916256,26.295359013602138,2.6973870117217302,33.75255397986621
stage3_block_subtle_or_indirect_extraction_c18_v07,4.610339005012065,26.232270000036806,2.6064470293931663,33.63067499594763
stage3_block_subtle_or_indirect_extraction_c18_v08,4.648639005608857,26.385048986412585,2.6101370458491147,33.822481986135244
stage3_block_subtle_or_indirect_extraction_c18_v09,4.614139965269715,26.598196011036634,2.623617008794099,34.0165410307236
stage3_block_subtle_or_indirect_extraction_c18_v10,4.613100027199835,26.339509000536054,2.621366991661489,33.75540400156751
stage3_block_subtle_or_indirect_extraction_c19_v01,4.609728988725692,26.415658998303115,2.6602460420690477,33.87774195289239
stage3_block_subtle_or_indirect_extraction_c19_v02,4.5829000300727785,26.3548789662309,2.7692349976859987,33.89160300139338
stage3_block_subtle_or_indirect_extraction_c19_v03,4.578578984364867,26.32494899444282,2.9405539971776307,34.096930001396686
stage3_block_subtle_or_indirect_extraction_c19_v04,4.601010004989803,26.230448973365128,2.737676026299596,33.828143030405045
stage3_block_subtle_or_indirect_extraction_c19_v05,4.600290034431964,26.519657054450363,2.80401500640437,34.14828999666497
stage3_block_subtle_or_indirect_extraction_c19_v06,4.599209991283715,26.451417012140155,2.7034669765271246,34.028880996629596
stage3_block_subtle_or_indirect_extraction_c19_v07,4.584699985571206,26.146870048251003,2.705747028812766,33.674924983642995
stage3_block_subtle_or_indirect_extraction_c19_v08,4.601689986884594,26.589556015096605,2.7946759946644306,34.25574896391481
stage3_block_subtle_or_indirect_extraction_c19_v09,6.1644650413654745,26.381439005490392,2.614187018480152,35.42423801263794
stage3_block_subtle_or_indirect_extraction_c19_v10,4.691498994361609,26.244439999572933,2.7272060397081077,33.882092975545675
stage3_block_subtle_or_indirect_extraction_c20_v01,4.625068977475166,26.37787797721103,2.4849490146152675,33.72889303136617
stage3_block_subtle_or_indirect_extraction_c20_v02,4.584759997669607,26.188649993855506,2.722816017922014,33.67331501794979
stage3_block_subtle_or_indirect_extraction_c20_v03,4.618979000952095,26.500176987610757,2.8010259848088026,34.09654996357858
stage3_block_subtle_or_indirect_extraction_c20_v04,4.625479981768876,26.47492801770568,2.9320940375328064,34.30982900317758
stage3_block_subtle_or_indirect_extraction_c20_v05,4.60399902658537,26.205210015177727,2.7762160170823336,33.86141202645376
stage3_block_subtle_or_indirect_extraction_c20_v06,4.566050018183887,26.620075979735702,2.884574991185218,34.31382903363556
stage3_block_subtle_or_indirect_extraction_c20_v07,4.591770004481077,26.481056993361562,2.644316991791129,33.97833200870082
stage3_block_subtle_or_indirect_extraction_c20_v08,4.6402200241573155,26.41203795792535,2.6413470041006804,33.89286296442151
stage3_block_subtle_or_indirect_extraction_c20_v09,4.5862189726904035,26.613767025992274,2.696505980566144,34.115970018319786
stage3_block_subtle_or_indirect_extraction_c20_v10,4.579969972837716,26.377247995696962,2.8507550014182925,34.004651999566704
